Customer_ID,Age,Income,Education_Level,Years_Customer,Total_Purchases,Average_Order_Value,Churn_Risk,Satisfaction_Score
1,47,35211.98909862011,PhD,2.9297624514204235,14,55.824300860158196,0.8043744141377006,3.1072014552689002
2,37,17017.16187532066,Master,2.5275693611434105,19,35.22890088038605,0.06582984336315378,3.1806576530822515
3,49,23110.917143218096,Bachelor,2.9079709299598626,15,82.73519606901203,0.6925728000775818,2.028860997327354
4,62,17480.868890129932,Master,0.6743550977573551,16,104.76099634812373,0.5718975224589538,4.26732345917039
5,36,17725.36398454746,PhD,1.5082635650705907,12,63.10220643532579,0.9074631763464255,2.701083987135454
6,36,18871.60967782292,Master,0.12077749909728064,18,102.62289474476387,0.12248141685029723,3.294552315453286
7,63,24613.906961337532,Master,1.9361928871307388,20,54.59598904187142,0.5340361132046566,4.794721769661258
8,51,17337.476153068357,High School,2.349377051258924,13,56.092353535121035,0.8794626935118923,3.7659870188275653
9,32,41269.4610189758,PhD,0.7753398163768371,14,108.7577436630878,0.410023786741743,4.6424907762486285
10,48,14082.615168865243,PhD,9.97511391569933,15,59.22949613869889,0.48199491773286707,4.8889634350694005
11,33,20061.627261049955,Master,7.2057120521959295,14,79.32480815522662,0.0704606776669583,2.8563666888433605
12,33,17679.0300075979,High School,3.841948600571385,21,111.58192633958201,0.2781436404489108,2.5497136792655457
13,43,45410.05985427336,PhD,2.2867627891977973,14,101.52937440500496,0.32450664916894734,3.313154640887613
14,11,24301.11196737072,Bachelor,6.1199508695478615,26,55.24788080015527,0.9451224487448869,4.944825030139031
15,14,36898.35576177446,Master,0.4200365072286928,17,176.12676476361634,0.28266736054115904,3.779827148378032
16,31,10479.956566845924,PhD,4.689234874284704,13,125.90753769316552,0.460868735269652,1.8939516303803772
17,24,25172.94619016335,Bachelor,0.39997988865607154,16,100.07157028239533,0.6713044235642798,1.38410677368737
18,44,34365.73934536107,PhD,4.742706801522505,11,30.911217874400815,0.1621833724078774,2.925013758581963
19,26,22951.578535754583,Bachelor,0.9679286993740279,13,90.67392891647808,0.4864423871418745,4.0149256217380325
20,18,37524.15686141104,Master,6.2889228778513475,13,49.09028291466937,0.7385390394759076,1.9708274755096111
21,61,17006.582856695375,PhD,8.649466639050491,18,119.46633553266737,0.866855213027066,2.1482207971528546
22,36,44563.647184357564,PhD,0.4833102756438287,17,1.5148918153473694,0.6262592746624267,4.719789551492241
23,41,69525.51328463081,High School,1.8634598383773497,11,67.85762733074442,0.6690535153169479,3.4821071507114154
24,18,18371.957272922868,Master,11.887956639428914,15,53.20399156767587,0.12628347258456896,2.4622176160881972
25,31,17628.08661253039,Bachelor,1.9815023774621434,15,146.1716827223629,0.9457764972463472,2.792430893261639
26,41,45555.75496243394,PhD,5.975336625795638,18,11.712014686922087,0.13257407748448236,4.440392237359376
27,22,48522.65459246902,PhD,2.66552714077275,18,86.30442178699887,0.7746729371817983,4.765640356651014
28,45,16959.27204285706,Bachelor,1.4115948638410925,19,124.81912578170098,0.2648163217783188,4.1811948419999485
29,30,17852.638500746514,Master,1.0097076571802277,10,269.8123199612613,0.9335931437012516,1.3075765663127288
30,35,19131.810417542496,High School,0.6815416587251591,16,55.94338635557635,0.7199595393694795,3.6427782160200555
31,30,11246.078223295055,High School,4.303911087650866,11,106.08059852029359,0.753813712978369,3.184065406372403
32,67,13914.323090647933,PhD,1.4659231284071277,21,12.706889397334429,0.21905917305988332,3.7184488704703904
33,39,13332.095686724919,Bachelor,2.1478687968421863,16,82.97493295618445,0.4430399766351608,4.055590946850784
34,24,15004.436716472908,PhD,2.033744236226727,21,184.902130366283,0.6178131945892864,1.0331260534116509
35,52,21647.766330498605,Bachelor,2.5831288835206503,16,271.53531312327,0.7699736182066009,4.859867260782646
36,21,24763.03673947873,High School,6.0202944537394405,15,113.46714516493486,0.10395937591238957,4.070320798057039
37,43,47822.43914017977,Master,11.849072374007047,12,17.50070277753829,0.9623653164545284,2.1505220096838498
38,10,13370.726138195758,Bachelor,1.5706396207460007,13,205.03463393260267,0.890220670554556,3.9362772146110254
39,20,36031.94551025028,High School,5.272403225692059,11,17.680276887087132,0.27034859049558435,4.793270380858623
40,42,19791.455396075402,PhD,4.338487189507759,21,28.031365883661906,0.822760243032332,4.554041967750934
41,51,21488.39165268372,Bachelor,2.5566323875339885,11,216.74478906474434,0.5183239230398234,2.787078983497309
42,42,30865.9756968164,Master,9.373912995593805,17,78.38487983293933,0.46180648156201864,3.713077704686076
43,38,12564.604701783368,PhD,0.6712106151133505,19,50.76105484179775,0.3144341058114054,2.069724403175302
44,35,26667.606632675703,PhD,0.3471222834592935,19,137.05885598918456,0.5809685866315925,3.757063877486255
45,17,23938.087868736613,High School,5.771664572678358,17,94.39475573960937,0.7298891177035978,0.8212193301788105
46,29,28175.994400530188,Bachelor,1.7349043858424293,23,173.80288180064173,0.41093290496275825,3.60220971964831
47,33,25452.883647725383,PhD,5.631341433097779,13,97.68502258812336,0.6292191930082921,4.577501677411072
48,55,75180.71818573687,Master,6.707309517861351,11,99.35791700968576,0.6993129211553037,4.013783963139584
49,45,16012.581050185638,Bachelor,0.1934798660627502,11,169.63240190801986,0.7111218170152859,4.497278459426885
50,13,16890.41402453088,Master,6.448684764210968,12,77.55279520356608,0.05196609813118025,2.4981805383679743
51,44,16129.89621456461,PhD,1.784356196005274,18,38.15998561414402,0.8597478056850669,3.658807679143888
52,34,16684.93408160615,Master,2.142698724738317,9,142.60266853229885,0.45825331476504794,3.22352847674024
53,29,16015.406374625989,High School,2.9552549762559064,13,65.8834880804098,0.26241608169621444,1.4020852699584108
54,49,39915.031671522345,Master,7.826621878694327,12,103.55631946711246,0.2417645074796816,2.996309970801713
55,55,44812.93587775517,Bachelor,0.057903508096757525,13,9.492663612099932,0.48301411284395046,2.8691073097377586
56,53,16558.036517492434,Master,1.9436236918134697,21,75.09164508380161,0.8868315394689592,4.474912283119595
57,27,14527.841828812776,Master,3.4915847944009752,12,53.89213120152707,0.3783475816826469,3.855672811907876
58,35,27881.196448998136,High School,3.848041252635314,8,9.099784893838955,0.7497257467835433,3.629779150261884
59,44,16712.103190620037,Master,3.5381569971333238,12,76.96516385880116,0.0968187309872186,3.800202467580642
60,54,30226.24630505122,Master,0.433118866785928,14,79.01287833783968,0.4760567021510618,4.7272070043497045
61,32,24378.61299763313,PhD,1.0674356139293222,19,109.104610990823,0.9916861403927356,3.411620163071811
62,37,10322.981914489339,PhD,1.332846367228004,13,182.80922472238365,0.770437802792337,3.490167350012661
63,23,47750.871672562425,Bachelor,4.895621288359564,12,163.25065126911906,0.210528488440613,4.693619028456168
64,22,54064.81245792986,PhD,0.980349447529896,18,57.14622552486174,0.5014414736979107,2.2143785823647266
65,52,16213.599668475716,PhD,0.7098452737087456,18,95.9033345919797,0.23362476364856655,2.217048270921253
66,60,18144.980047493846,PhD,9.471086606850026,19,120.6639635578912,0.40956092726250926,3.2808240350011495
67,38,25410.879685242682,PhD,0.026708393016855708,16,58.528793833896806,0.7800840237349648,4.415930258158815
68,55,26035.81567361545,High School,18.38646898171226,20,19.55646379671373,0.7712248152904037,2.5941758682329326
69,45,30615.819648743745,PhD,3.38864956331026,18,70.58808903517715,0.22810037790238513,4.594780445007301
70,30,60180.4163988447,High School,5.28897904931511,17,188.00449330206808,0.9222233181548601,3.221113281357021
71,45,20161.424637938988,High School,1.047053275514762,12,18.5166924929505,0.5925681827648268,4.789679689124973
72,63,14777.357324402821,PhD,0.04325618921403457,13,34.563813237116634,0.3799242909620145,4.152089915788136
73,39,11051.709335663354,Master,4.016738635304101,16,41.93035546456686,0.5019355807808606,0.9622038776495299
74,63,15283.58995812945,High School,5.389916809480202,14,34.9433279816002,0.6050712534377437,3.741093877794292
75,0,21664.635584529507,Master,4.046719810644282,17,137.4855333232142,0.5598905318457854,4.628395246950138
76,52,54029.146598609674,Master,0.46242804513066504,23,48.92220070271785,0.4864050355361782,1.8325105874502885
77,41,17003.83779967259,PhD,4.200302770812762,15,140.07268947878794,0.5049328040894001,4.443430478437351
78,35,24634.27329894611,Bachelor,4.395010043184049,17,86.22960165406485,0.17641191042788618,4.615543296728152
79,41,21846.33718600289,PhD,3.2235787419956434,12,13.808717138137553,0.8127329043046794,4.5685840654523275
80,10,39902.59493483728,Bachelor,4.35878917707724,17,59.606445199505565,0.5417603199410154,3.0628582611880666
81,36,77922.20318956811,Bachelor,5.610878024036415,11,166.59030141249806,0.1310798617047031,1.6415007363279526
82,45,16891.496583435175,PhD,2.8526784729387913,14,93.70895093542359,0.7661571015827779,2.020277066806591
83,62,17245.047481930116,PhD,0.27833571718474726,19,63.4420696348835,0.9324439783773508,1.82835434586752
84,32,37126.28315237079,Bachelor,2.0061119513628665,16,189.5269623085304,0.9473068992369621,4.622118961272866
85,27,30975.310938392966,PhD,0.242489389722976,19,31.36426532436466,0.36901773241117275,0.49221454639373696
86,32,55456.46973386787,Bachelor,1.5704311044760058,25,50.49977678160287,0.13551687356075404,4.852873328080121
87,53,29494.647720483918,Master,1.5682214191518933,15,156.0260553203239,0.5183996266330652,3.0929602860204093
88,44,18404.563968506674,PhD,0.20486814172065226,10,135.50640895391948,0.11260922934922069,4.938381798053145
89,32,29594.014746210745,Master,1.286909991898142,16,28.8435660090891,0.9339874185126172,3.628052217928737
90,47,38343.94054583308,High School,0.3529677146342175,13,117.74907801570001,0.183579627355146,4.808076828650908
91,41,33197.87313317302,Master,4.954457130226441,17,48.2219535835593,0.2527658599511641,2.519394513288841
92,54,28385.593251246748,Master,8.851589955185997,11,8.499930365500518,0.40663652688497043,3.742386604770786
93,29,37546.57137600652,Bachelor,0.22519390119736732,12,64.48112360969844,0.3831644685591258,3.807251961708799
94,35,39523.384770567456,Master,9.310968702206058,21,282.9747116248742,0.794662892397889,1.0358219276689025
95,34,43961.938107295384,PhD,2.2180546481662833,20,168.56321752693106,0.45631682055096234,4.735930875416361
96,18,30465.645289417935,Bachelor,1.068164028835806,13,80.31281487732112,0.1707682600033369,4.211257061725224
97,44,20260.753322113025,High School,0.23992987421871625,8,17.2443620602105,0.2672098954860741,3.2439261119931295
98,43,23702.998621097413,PhD,2.0831894903141808,8,8.888758791919535,0.509113385187522,2.659092298747928
99,40,40265.66836526989,High School,4.747154670592853,12,86.43677102000956,0.1474539174261349,1.1589719711971844
100,36,14640.283681897856,Master,3.6836335733509493,12,112.2430309930967,0.6116556756460141,3.1796540802690396
101,18,26485.075229632283,PhD,0.15459368848813937,11,138.61019673564329,0.5657473065511459,4.752958572731104
102,33,18093.90814153012,PhD,0.22708747217475744,26,127.6375928178322,0.7147023163822577,4.953822409687995
103,34,22345.325124346604,High School,1.546877793648263,12,135.40450303454145,0.9377046153793677,1.547465427917853
104,27,41740.448735480466,PhD,1.049908828140147,13,102.49332485297357,0.9122545611011557,4.869568235318573
105,37,24234.912408336342,PhD,0.7933982751976786,12,186.77165326268297,0.9460756180688313,2.8931889150332593
106,46,22543.86563679903,PhD,0.9897005353665349,12,53.800483467308666,0.24471559702370094,3.1228594625837998
107,68,11159.784542373953,Master,4.881015093470148,17,85.44274944479685,0.13156530663935462,1.2596832955972421
108,42,31988.341363741256,High School,7.944877783630284,10,13.876709044996183,0.3022767004964485,3.9866067160945002
109,43,30416.548278961804,PhD,1.5580994525326008,20,52.82230848649291,0.8950851727663146,4.974750994473507
110,38,64966.521454971975,Bachelor,7.096926204728671,8,165.41740446244114,0.9720534746234882,3.7125885637436395
111,11,18884.766722154345,Bachelor,1.1635933921717487,13,132.37496908397682,0.859324951070476,3.5499166299571243
112,39,24577.217227434317,Bachelor,1.9412936579685727,19,4.854059934263045,0.1100177211275436,2.848140511804197
113,40,24951.56542896654,Bachelor,0.7686626129183658,16,296.864171769573,0.9474279980597932,3.967020513390174
114,76,48471.275312998376,Master,3.068923385914634,10,93.89294797575442,0.423358027350786,4.648057065469457
115,37,21001.56491742607,PhD,11.587001903928966,12,95.2315639313381,0.009310290762353679,3.0213578207329252
116,44,25324.07397711252,High School,2.7751854774302878,8,49.949982666577256,0.4423937407481936,3.3889031435370636
117,39,29850.242861707982,PhD,1.3286322858200525,13,59.86218234191565,0.04606916967546759,4.167246059435401
118,22,24180.566723200423,Master,3.1308168554264517,7,93.10595745760862,0.5438779211611176,2.3662832244035688
119,57,17619.881827189318,Bachelor,0.393473532756932,14,127.11145808969333,0.3385540274370513,2.9003448888900616
120,51,24271.18192264912,Master,6.585475306998919,16,106.07162234759289,0.47343493359404876,4.31246799546141
121,51,37677.40567962299,PhD,2.098002546609704,13,53.45912480538105,0.613170360743117,3.0654648853429323
122,26,13183.77716782969,High School,1.7899662357183055,21,37.66734709570614,0.8688010958178203,4.313865559217382
123,61,23540.6698698718,Master,2.644688281619881,11,35.30335326923887,0.6619015764719286,3.410357489814796
124,18,15520.850500573519,High School,2.9407591594554807,18,174.29993085543646,0.4340488684781807,3.7008636473724503
125,48,40035.559050869204,Master,0.22344596176699494,15,160.2062959819622,0.8194278536703651,3.785075697567774
126,72,10284.637414075482,High School,3.44294018857314,13,118.9125155749233,0.9055821375731322,3.6917096487234464
127,25,16656.22128491544,High School,0.8309452976745314,14,173.4434431177901,0.11975996643219722,4.959878370550258
128,31,26598.389226254203,Bachelor,3.754793583808601,14,75.51168930162669,0.5319329775527915,2.9359709425005387
129,41,48183.02283326239,High School,5.186942141945157,10,150.82409230444898,0.28451195974244414,2.8436212557486447
130,32,21314.116304050345,Bachelor,4.888286837986438,24,123.35220952033251,0.0470611978769474,3.9814644606230614
131,16,16687.25004833336,PhD,2.4122427092247074,16,153.64916885609824,0.6685466951139853,3.431951927592256
132,41,56419.974620275956,PhD,2.2029695401398905,15,31.981983629021084,0.8627707774592256,2.907151796936036
133,24,10678.55762753333,Bachelor,0.4625179048927527,12,101.42014104931121,0.16290265447739405,4.86364540105586
134,47,7336.352193334778,Bachelor,4.479583522912285,13,62.67573830360209,0.8124136576239005,3.5096601664818703
135,26,27446.864787601153,Master,0.9499298073258196,10,6.498138247357627,0.8533957335369416,4.495290802423973
136,63,17136.618537416332,Master,2.059679312699168,11,193.47471961994069,0.9143404426664835,3.9649307764948354
137,28,13218.644729016649,Master,1.0033739899912262,11,160.51399259777907,0.2652850890860524,2.946726513007018
138,35,31387.914951262992,PhD,0.43101658472188853,19,108.05731860278729,0.9039530651898893,3.6307798763881474
139,52,24882.010634846854,Master,2.9791727204277674,16,39.85044115396189,0.32066275473643224,3.9847319387537827
140,21,16613.33034024908,High School,0.1675912791777491,13,13.12979272385785,0.5523380134555028,3.7825460568050846
141,43,11612.620974341939,High School,4.142669783754242,13,6.356384470417282,0.05050747083228213,2.00655194072837
142,59,34071.91320295201,Master,1.1463597976616895,16,52.4873121109935,0.043881088368743604,3.0737785794693457
143,15,30488.370322473773,High School,0.00040410622920802116,19,136.80493452890295,0.7203732127322029,0.7238115085476635
144,42,20960.857903551656,PhD,2.1469707384133354,17,63.22456180435121,0.44447997797779104,3.526111430671282
145,43,55454.519650038026,High School,0.14395497708375654,12,119.96593690010204,0.25629237536921756,4.686141430939689
146,51,12899.677845707036,PhD,0.9695943297293391,19,124.27483989480848,0.1904134960249102,4.809142795185753
147,21,10272.620330510494,Bachelor,3.6825072767799694,18,135.40538161928214,0.6699534908592181,0.11850954309624998
148,20,15584.715932579882,Bachelor,0.19422241397648035,14,10.412454890634656,0.00040154402533987277,3.8105360332481912
149,47,21530.09476372509,Bachelor,5.485366692644359,9,43.21603413356939,0.8058911691968542,4.655914066300115
150,44,24876.272703091654,Bachelor,0.01148171158918817,22,118.37656181896476,0.07924960612992882,4.684256180711225
151,43,19523.652750489182,High School,0.8503685192744865,12,222.09072307222465,0.19148961490811944,1.105346398031415
152,45,26265.923621525955,Master,4.051670538933313,12,181.7531741565946,0.3862363952990896,4.303964333283842
153,29,11780.846196027644,High School,1.1405771853592492,15,103.98067622803929,0.4848587397161036,2.6353532129317747
154,43,45337.16080629042,PhD,0.3223961482313805,18,194.86423443162118,0.35499511581394183,3.148335507438275
155,44,21140.045480211287,High School,1.339958002694424,15,103.39456963384808,0.3207121649842939,3.463809552641725
156,29,38509.0252851521,High School,0.9457489154662682,18,17.94616714332347,0.9639160120731884,4.372158988173089
157,67,26143.677791018923,PhD,5.549028411411087,19,133.79005948727897,0.6415796812433943,1.8663758401977635
158,47,27677.542120849135,Bachelor,1.1277826358815193,13,186.01168428014535,0.02343295536738821,3.639354079265236
159,22,29286.54984983802,Bachelor,4.6667314731940515,16,268.7844191262568,0.4301759084443132,4.714999861884156
160,49,27552.65775071876,Bachelor,6.673322723112085,15,51.22052272211507,0.8750086997439702,3.419392568849193
161,25,30374.580806354334,Master,1.706516017629889,6,28.756987023781093,0.30145618641066796,2.792076380004528
162,51,42812.10912629809,PhD,7.22194221948359,16,151.1308038990154,0.09455634477438823,3.310322507969591
163,57,24300.703629373835,PhD,1.421158231678548,19,113.30665395239797,0.7583847715899178,4.5562387297001585
164,27,31398.075455575665,High School,9.979250856506148,12,105.9841021956379,0.6060138319360813,2.8560333623398155
165,54,21060.0287925866,Master,0.2805907254370845,18,196.70834384873638,0.5703125078265039,4.136733082092931
166,46,45254.5550307467,Bachelor,3.4848409339799646,16,150.72065490589645,0.053576559607407925,1.8804527550226315
167,52,15706.090545909272,Master,2.0425535046934598,11,121.11513004399366,0.14049900979551733,1.9482882006421152
168,68,54201.84440468124,PhD,1.4713479412875392,19,56.96889016551454,0.6225493962131138,3.84310774898106
169,36,21588.60751514549,PhD,3.0048260022159834,18,142.330391916475,0.2078238414588358,4.078103818810374
170,28,10770.998196829258,High School,3.650739427905373,18,27.563702772554873,0.5040700797484243,4.67587763829222
171,26,23483.47373582839,High School,0.013118449475239238,17,103.17673570784909,0.5448816860293935,1.582470234905933
172,27,15669.543005412706,PhD,0.547995967113627,22,81.16259542397975,0.2835071902709394,1.7401333726778105
173,38,33534.22286759085,Bachelor,3.745300593805999,8,16.961844242202798,0.9484251555414929,4.081144317687601
174,45,15893.85777871923,Bachelor,3.293306655502417,19,113.54598737857371,0.8424641068355752,4.1697254267570365
175,44,17622.086047835783,Master,10.148378823121623,18,51.318371061317514,0.7223735076327985,3.6100444682762483
176,52,8563.203455024415,PhD,4.294349573270221,13,111.55229799358379,0.07799386640940908,3.64548375599976
177,40,17568.219532262734,PhD,9.033921265130637,22,35.54534592194526,0.10613001930901944,3.3813194055649456
178,61,6555.504364299784,Bachelor,3.637431608631262,16,151.7674877802281,0.4927813458649557,3.4136124560751258
179,36,9977.108404122337,Bachelor,1.0616887470097944,13,245.27056145458707,0.16071334919098568,4.354469767327372
180,80,32215.640005635698,PhD,0.33401813463610774,18,27.57400126985371,0.9782654635294741,3.637670169362592
181,49,32627.151190519537,High School,4.567357728343442,17,35.50112479417135,0.15852023402740945,2.1931290407455966
182,27,27247.819564069276,PhD,3.099731392356075,13,22.968300966863247,0.487467835463974,3.1445707070326234
183,23,13582.152971690268,PhD,0.14815696335462597,14,70.26500118154641,0.3641210568415054,4.581843752606033
184,47,21507.227532532022,Bachelor,1.3390978761232712,13,110.30132895844483,0.639386421454098,2.42737285103723
185,36,21986.825904561698,Bachelor,9.425731537632343,22,136.3212240678423,0.12903640888942491,3.7652066051165263
186,50,12342.670145876502,High School,2.081849381965051,7,101.68159088319312,0.4303164280423909,2.9618947292876836
187,47,46709.32725881105,High School,1.7007551252176472,10,133.4108535293091,0.27470503280714365,4.101332169841999
188,38,34155.57647711793,Master,1.8358055911499966,14,78.92514032074807,0.887751524671688,2.1426475143864807
189,27,19722.549663603826,PhD,0.7029271777577873,12,50.7972516062181,0.040585712134695084,1.8157856631602856
190,17,22324.564973764554,Bachelor,1.3799563576775105,17,36.355104042010865,0.9137274940064593,4.261017725565543
191,33,24445.25493728173,High School,1.385217253356112,18,72.36828465848276,0.8329941385530004,2.662295992202581
192,52,7935.745391992818,Master,0.16132602220829345,18,37.20770578044454,0.29757071644081545,2.653384377546754
193,43,19465.740631940953,Master,4.3774679148391495,17,107.90169355052797,0.7892906546771047,2.631801533571319
194,21,15662.238075019626,Bachelor,1.6161552679913094,14,37.775472199526554,0.03121356033874756,3.639953274335936
195,42,13348.909766361996,Bachelor,5.180948519348694,13,55.64996194600985,0.9668655502933936,0.8075030647567906
196,45,19138.357639316153,Master,5.698328063216572,12,173.69643728124495,0.5265949425897893,4.107897168805813
197,26,54113.73224626781,High School,0.7147489330621875,11,185.07958391149253,0.30328102606544527,3.8921496716657096
198,42,30346.043654218684,Master,3.2131677704139285,14,181.16986038884463,0.3625832125946771,3.9191535529467636
199,40,16554.454606615705,PhD,1.9175785732822295,10,79.95209471557597,0.06640535346049736,2.4989402241625847
200,22,29327.807039950298,PhD,6.36471161790708,15,52.58735829455262,0.9893495140420392,2.4260343798601234
201,45,44341.562352865156,Bachelor,0.7290466408988917,15,120.02261248550626,0.03929194515069245,4.506081465467476
202,48,34972.48335679403,High School,3.3978713351503345,16,38.517577983200546,0.654907123147859,3.6288731188093424
203,56,22693.07713569102,High School,2.8075838935292703,10,141.03335327553856,0.4427359277064583,3.7684064565649433
204,55,15939.117885728794,PhD,1.049955586170477,15,48.58073925319278,0.9489162181887151,1.329259776607533
205,19,31229.288168034192,Master,0.4406347274420626,13,69.98891249282806,0.24599974030679517,4.488398882812228
206,25,26815.696697445055,Bachelor,3.163554490756285,19,143.22490560344943,0.5320868239380113,4.137819477317178
207,47,34461.45079419379,Master,4.025081261356413,14,12.392208467918584,0.48235620858275297,3.002254064046431
208,47,30260.118422700518,Master,1.1377580719805303,19,50.401255111398434,0.7028664440501013,1.502067730471125
209,47,37226.50764702987,Master,3.1054981880414942,16,109.58747229903072,0.06801023195242051,4.939548096431695
210,97,16854.658968676587,High School,1.5082296617441022,11,127.02720270671257,0.19378913002335485,4.939412075324353
211,48,42561.14525400628,PhD,3.746982512498252,16,112.74267830960648,0.21456482009284983,2.9542855933731635
212,57,24313.810527339676,High School,0.666489377118213,15,69.29005035079129,0.7381507548416897,2.5622996129172124
213,54,62170.160961400186,PhD,6.627694185818974,11,153.32475327749074,0.18913869632674007,4.936539518705397
214,49,15605.927530250683,Bachelor,1.0165454782038563,14,35.23215863575281,0.5734917638909767,0.8449210130596245
215,35,52469.215311868495,Bachelor,1.375581945565017,6,33.81726773386376,0.2152438205009537,2.4806063824242823
216,51,24317.593792479944,Master,0.17954286853111825,17,108.81081885628012,0.8616249500839784,4.597005359219218
217,28,15903.444471792822,PhD,0.35470312907013407,11,31.58307213954886,0.9421854544896385,3.7036366823784697
218,36,17293.000149531123,PhD,2.176155263965218,12,250.83546239565564,0.5184929749422404,0.5820565698597732
219,32,18766.456864822852,PhD,0.9342554016771738,13,51.659282612651836,0.3523088842091783,2.7595706068596066
220,41,27230.22839348559,Master,5.414173523241018,19,151.36028287676672,0.23405777501749914,2.3784864234481726
221,74,28607.315305595086,Master,0.04440721708332512,13,26.507424684937725,0.049781001523043766,2.988058691171094
222,11,16533.600745394462,Bachelor,1.4297269669641215,19,216.6034773677544,0.2685000761974954,3.3275252239449515
223,50,21759.86950348723,High School,1.234504834024929,11,84.25000521788539,0.6542357799453179,4.853056732087564
224,15,64288.444340343995,PhD,0.05855055500963134,15,50.45927285402635,0.5336169313092108,4.412984489169948
225,32,52248.767709949076,PhD,0.39842946991376615,19,65.47464804872631,0.9440412782809274,4.200511129336536
226,56,27396.261318518842,High School,1.6014777164272365,14,43.71785139418562,0.3962772624917006,4.819824650235083
227,40,22449.008762646306,PhD,2.036931657701976,19,69.83558566832042,0.6938633423283945,3.9651601647633976
228,23,23388.872717600992,Master,1.5540026497191657,14,28.109413895514212,0.4893227474751214,4.97772487336854
229,29,29934.261901976985,Master,2.2710589125399676,22,51.85879470924712,0.5125762159242117,4.823925142562718
230,50,13208.339869998128,PhD,2.7125801638905505,22,149.36540292328365,0.2677743146041175,2.3059317856915706
231,29,19366.72626024665,Master,0.029920171374458154,15,97.59904837826072,0.4549507768419997,4.658814496629946
232,43,9563.489625813629,Master,1.8713960098998568,15,34.56814780058829,0.47078499701270726,4.051565642390642
233,40,26892.737865119754,PhD,9.931266663028914,10,71.76225073749603,0.7066425217489339,2.0003101387528286
234,30,30442.59231611427,Bachelor,2.195865364754477,18,186.51002747769334,0.9406399991861139,3.918060899636186
235,72,17299.04832488169,High School,3.3953496396716893,14,57.04471189144174,0.3293212774825043,2.0323445491963983
236,49,48387.33484208845,Master,1.121305739069641,17,31.257943177518488,0.042200468581298445,3.9058839430845547
237,9,11933.6470024749,Bachelor,4.461546392012993,13,123.76164506509888,0.4962951255006397,3.5144775370421772
238,42,10591.558129177345,Master,4.44737827946904,14,7.064969562710422,0.5444613321491686,1.7236633550912226
239,30,24642.451595780127,Master,2.2100187786082697,19,66.67110801198587,0.16844055113191525,3.0271172105583064
240,52,37180.85106107967,High School,11.190832753607534,13,197.56292738114774,0.7604646062760667,4.059421001597259
241,28,51121.674548780866,Master,0.4024812218531247,9,70.15600955213607,0.9849291084414916,2.0113856465886544
242,38,17510.5330700456,High School,0.0512787601754016,14,159.67683500709668,0.9457747170084609,2.1878844649438554
243,47,37772.644030656746,High School,4.411092251879348,17,30.84684078585192,0.19710603882365219,2.223993319096625
244,52,21606.419859924314,High School,4.937613924197839,14,68.00772239604868,0.8753632399007607,3.4119007297826927
245,21,20205.019649715854,Bachelor,0.384206660635412,11,62.979704328159656,0.7044936364116847,4.7976053056907135
246,34,34263.29586312594,PhD,0.9260341930441045,16,119.07206894132062,0.4538465638069116,3.0823425169198817
247,32,30520.731078985827,Bachelor,0.053124698119395006,15,87.7894394709561,0.540610994324729,4.293263463948812
248,30,10014.646210429819,PhD,1.0414836475549698,24,215.36449572630752,0.8496001749824581,4.486896116725641
249,66,46086.261752457714,PhD,4.450291356384336,21,54.44222482415982,0.48013493963837317,4.3130604232189595
250,46,43916.512929539575,High School,2.18918782671621,16,86.9915982193819,0.37320736910512686,4.036820824742367
251,21,16110.373322551102,Master,1.2835720292800248,18,64.90099067827938,0.4932474930259858,3.210220488200819
252,53,26846.79609425847,High School,1.3944001894780962,17,82.26573216400185,0.5791298040350491,1.1853373406897625
253,71,28198.24703575365,Master,0.004063628083043444,15,76.68768904175555,0.18907765377834884,3.8363042841951156
254,55,25092.8163487623,PhD,1.0691700717336212,14,38.17686368098649,0.9009077302669907,4.846770628512054
255,17,16728.136868534344,High School,3.119265259681552,21,143.73984661001046,0.6741869488296138,2.833825988014512
256,32,15743.585886904162,Master,10.97149636285554,20,47.25946564507877,0.6332689173374889,4.160508869454395
257,59,21746.823165755894,Bachelor,5.633144995874074,15,44.4095941349438,0.09949622618063814,4.485022835036759
258,29,39591.293407800535,Master,0.0716333502465495,16,18.099081557566723,0.6041739381725918,2.1497592575502584
259,46,28905.873169087583,High School,6.864881247666776,26,53.14384124095001,0.12096066223849233,0.3979861094671566
260,51,18300.667873019036,Bachelor,4.5863180721304575,18,46.728917062500514,0.07869767519539905,4.739028045640056
261,26,32397.915241891664,Master,4.5475165450469985,17,9.165712599082244,0.5273108956423933,3.540230814520143
262,39,5301.413116120211,Master,1.8374443585693379,23,69.59947406612477,0.402785534046495,4.050522565664539
263,-8,39119.754563349015,Master,1.522519877985587,19,208.99519694698765,0.5888102701562232,4.9183548731893065
264,24,9229.34269154871,Master,1.0825469099469391,16,21.886036718632955,0.0892221680572386,4.740560694912629
265,36,18375.61015599978,Master,0.2038565719028126,17,81.12293674443414,0.4309830628472584,3.9212951557913494
266,21,12583.793724118537,Bachelor,0.7772269512990825,23,68.29337014570497,0.17478671504515797,4.145764438070083
267,64,11529.442525022754,PhD,0.8494914255027999,16,130.67807136279262,0.9871000859241166,2.4049602717782697
268,18,39356.38072012048,Bachelor,1.9853936536781007,13,137.48663434495376,0.5611502124351744,2.817961281514509
269,33,17433.50832929949,Bachelor,4.128371647820147,14,314.18292677700185,0.6874368609408673,1.7791180742167203
270,41,26193.11688354882,Bachelor,1.9262777658469648,11,100.24862433363833,0.3254182806826078,2.1094321375468064
271,61,21515.732927148645,PhD,0.17875467018745225,8,41.533204514388814,0.09473891477934415,2.74022730642058
272,18,27959.726476034142,High School,9.49528021319027,9,51.89730198685283,0.9758708627835366,3.7929044864893684
273,57,22888.982163467117,PhD,8.57963748705613,17,56.46216091912534,0.2862590353831832,4.910814110556122
274,40,11597.025106940877,Bachelor,4.613997707183753,10,48.39721495195495,0.4238081851735742,4.3527299726176185
275,25,36247.779735224074,Master,14.24293345007983,28,243.67983515529863,0.649863921702575,2.642378368468756
276,46,17207.862981359845,Master,2.358962329938869,12,132.9293767235805,0.024697297686111286,3.1018701241802256
277,42,10114.3354771351,Bachelor,9.8717882393487,22,118.3370803709171,0.8102591305172869,2.8963585979063295
278,30,17782.00766112668,Master,0.23584756034750948,6,32.09573662820871,0.5365781900286203,3.855769632485448
279,41,46647.746348232205,Bachelor,1.3656086989388305,16,136.5271194732348,0.27821718706882215,4.356152064514365
280,34,33695.206674861125,Master,0.7661529881957732,13,177.03543519721765,0.06160798529246925,3.8708122583210276
281,41,18502.736754406324,PhD,0.6538452736569246,16,69.27683979544896,0.16249841547444144,2.100796930069309
282,49,18497.135252153603,High School,0.455270962113255,12,51.3885435690341,0.8950338588534369,3.151496132799085
283,63,18754.377567050407,High School,2.921867917175943,13,218.9200865886113,0.686024223935891,4.35490446651362
284,21,62216.405114932364,PhD,4.560462873369479,11,45.84505503778497,0.24990172163688984,3.6066643931927658
285,71,26661.283240215274,PhD,2.59037196808748,9,41.78297650849841,0.06560076494502953,1.5922956275208273
286,10,27310.34435745078,Bachelor,0.4768560470034755,13,35.82057762008641,0.6906153123866363,2.3124426999021863
287,37,36869.56625604497,Bachelor,4.999990037443963,8,78.1073193119026,0.5724077259677651,3.3355805528119364
288,48,24819.739906493418,Bachelor,3.031430964652191,18,100.03033595360927,0.404519524458235,2.3123927518176712
289,44,19350.604283459208,Master,1.4738813843333425,15,161.0578784739117,0.36361144919006383,4.44857932298617
290,30,19966.77808141838,Bachelor,3.363772971201204,13,122.18129873637137,0.2168142759291083,2.0164572442528086
291,36,21251.852994519246,PhD,0.9029300837961514,15,120.79198971564816,0.6696112565375176,4.590211123928194
292,32,21620.319774096464,High School,1.2702406034818885,16,195.42411859317917,0.9706680277938705,3.5974441316971855
293,31,31691.848187233165,Master,7.484356205888114,18,34.26986655663829,0.17571524583682585,3.6683653961415796
294,52,22606.052132954228,Bachelor,1.029603398671392,10,20.526212662923133,0.5971166200155034,1.2605239048882324
295,45,31771.344259844616,Master,1.9045684113896826,13,126.433876083053,0.4241850557459762,4.956158216095482
296,29,21155.214656464086,Master,6.625676412785252,17,75.30123436504763,0.4466887217446649,4.691275408974983
297,53,22909.743860999522,Bachelor,3.6901429555311966,17,161.4551156299074,0.2541472801278144,3.190095225383635
298,44,8110.37720993666,Master,0.19266603742221824,17,80.8574236628899,0.8251348756614191,3.2513372792541047
299,52,34827.54366573205,High School,0.4780531902139673,12,49.90968136943319,0.4852556041472411,3.175203885704839
300,49,26192.915120937298,PhD,0.023617493171920842,14,127.73094642807108,0.5434058521982641,3.4955143500500356
301,27,36279.388712573236,PhD,2.9902401204044744,17,88.69070615603918,0.30476091279732576,3.733192829664551
302,31,5176.437259631672,High School,1.7808473610307014,17,80.91119880562802,0.18180846566694975,4.589946020186886
303,51,62579.144860624205,Master,0.4325634017703105,14,352.11693991463284,0.08591038820282049,1.8638030524715523
304,49,20541.5549869722,Bachelor,9.505555029945667,18,185.53359342083823,0.7141191409249159,3.272522710281116
305,39,38333.95777659277,Master,2.262896563885388,17,139.24131979940708,0.19623428168785562,0.6401770894384995
306,41,13095.802479580074,High School,0.8307933909276142,17,90.76025995394347,0.6900753541887977,4.457178130101282
307,59,29923.127415087292,Master,2.083065156157547,20,85.03631348124551,0.3903764460469539,3.497204305066503
308,31,13007.640810184801,PhD,3.414745578819769,15,65.234068631624,0.41577480098965147,1.1813465121755082
309,48,16124.828720968164,Master,0.23790640431015242,14,97.68016963125147,0.4691774960927717,2.0716632061467815
310,36,57355.02146327884,High School,0.9635255297552786,13,55.61196205872392,0.3677085081275432,1.079698092593609
311,36,20023.438665198617,PhD,4.934658907052556,20,27.73569626853991,0.10061997722259008,2.587570088523897
312,56,24556.12116064593,Master,1.8466971646720416,22,80.15487237365355,0.3096318100028458,2.899369000263315
313,52,34031.22843198768,Master,2.3727903828174104,19,103.56007292128702,0.6637343606939384,3.8923511670054776
314,52,28221.544200561264,PhD,1.7012145504069338,18,161.71311220932148,0.665784401468871,3.644762375597495
315,59,23746.95171947688,Bachelor,0.13467812670047108,19,41.99742845509774,0.28622430723999437,3.14558765310413
316,40,26435.960468765785,PhD,0.5436656922755809,12,85.54787876839558,0.46010262655768797,3.765934372843243
317,50,73255.4401674486,Bachelor,1.7692907022668283,18,121.51382854299217,0.19344722801193748,2.7661338708048127
318,35,21400.95019122219,High School,0.704075424747072,20,119.60928293575492,0.21037208152983577,2.751900093768149
319,44,24356.390152853255,High School,0.15381365860838053,13,235.71476770180607,0.023047088406607408,2.4988816828939915
320,38,37247.019158078474,PhD,5.5669681391622925,16,66.25198481475888,0.8967465499077446,4.7822186529778765
321,41,38283.0671513851,PhD,11.920503309585719,17,38.91301868618629,0.2107066650749062,3.9365065679398943
322,48,39875.411220755544,High School,4.727180809703228,14,89.80795397166965,0.22753387693646332,1.4491399481258382
323,27,30314.00545721742,Bachelor,5.768029806808435,18,69.01376236973957,0.2796014326451318,3.88267039384089
324,71,12437.825396219903,High School,0.831125168127634,17,59.73163695348267,0.127408071695429,3.8217159189213996
325,24,49847.10832328688,PhD,9.704023064576365,16,53.36166044766594,0.6392628831813628,3.6905360528936972
326,21,12417.068580196934,High School,0.6579241405241347,11,103.86060966948772,0.07514295317758657,4.330196918589629
327,57,25624.846665040684,PhD,9.074235954606156,10,47.33764603832496,0.13420242632635027,3.2112337700838016
328,51,15106.223270096287,PhD,15.788441795967884,20,139.15740580499252,0.6447567265900929,0.20020072896278757
329,49,21331.301494733918,High School,3.731498345054046,18,134.66752391135827,0.33966062048144274,3.759608850080674
330,49,25961.792193163918,Bachelor,11.912729668279338,15,110.67500828308161,0.707947826701189,4.399722773662248
331,39,25865.843866827363,Master,2.5287010876782188,13,34.21412056642621,0.557424744670142,3.7850021770187867
332,26,27199.67699739051,High School,0.9014582174769585,12,100.50179648858497,0.25602117306151306,1.9318821809960582
333,41,49358.02445242966,Master,1.7234050289784286,16,169.00795701955911,0.6508279504893281,2.2741185085212603
334,29,27633.032084712733,High School,2.7009637912848534,15,146.06450743312692,0.11627368029288065,2.9179163304172064
335,54,19495.163387070563,Master,0.22766910664153162,12,132.33819727213265,0.5364103830800304,4.390132191040142
336,37,35669.226175967386,Bachelor,2.921308810184853,25,84.59065782982749,0.43714810504503465,3.581247612261042
337,27,39924.09257012322,Bachelor,11.918160623626164,21,81.77887739139119,0.2678735828174408,4.075314438122947
338,35,11922.660266411584,High School,0.6325618233460011,16,187.54330791659527,0.6040049977395001,2.767765676236505
339,46,29693.992598622594,PhD,4.719247308468735,8,102.67742963740838,0.8713335923402825,4.868133354603473
340,31,31275.376422546327,Master,7.154601716853772,16,103.60606417543694,0.9989046997630767,4.6877223395727
341,27,18981.4648599679,PhD,8.631267107677488,21,417.70424875064276,0.6077627687434245,2.1150218655021416
342,43,43820.34151277915,PhD,9.666815083344595,10,65.12194009983106,0.40470587432917016,3.6068979327508317
343,43,20434.34221785522,PhD,2.211044166170863,12,8.126478088868955,0.2252071002162016,0.46545806959485264
344,32,23453.809829048987,Bachelor,11.357216354578068,19,72.81926237564883,0.25709608939511175,4.9491865342354115
345,32,20200.529337204604,High School,4.247913671172521,12,76.15018001634647,0.4794549781497657,3.3619279977311614
346,43,22198.711459050508,High School,0.5290355234425688,12,101.58221274680488,0.36727770128070925,1.3050741401137664
347,18,12731.855723708559,Bachelor,1.943948496414961,17,118.82086974380823,0.9138145226249442,1.9097601998395484
348,18,10721.159152781827,Bachelor,3.8010698367637556,16,10.210194639552943,0.36829546765570953,4.301910118889257
349,29,48886.30288438258,High School,0.8524262999393877,18,120.53280770933468,0.3734445911454355,3.5759452187302037
350,36,14422.133092081614,PhD,3.070084657384059,17,79.6831110333692,0.38353451243397696,3.5499709333403318
351,44,13417.348667834336,Master,3.2952412365568886,13,67.49768205761954,0.8366202103676581,3.735367958205273
352,62,7504.851395946262,Master,0.5327176313955287,9,16.93643881295044,0.6507883208469019,4.37811350597595
353,52,16002.802244297542,Master,2.4978161631259734,22,213.58976853034756,0.6141688503188927,4.439418361755358
354,37,11366.83408404054,PhD,4.430323896124188,9,59.08518217287866,0.3341430223838622,3.1280281898299522
355,39,50061.50257757583,High School,2.072822835479808,9,133.56002769133312,0.8179041768324394,4.673186794796468
356,24,36494.19714750097,Bachelor,0.036530867663101,18,41.465543297698495,0.038363861355701134,2.2667593986673085
357,39,15614.024993832298,High School,0.027238691552712857,12,104.78840805920551,0.8707971723381132,4.446054247830303
358,35,67928.97158065368,PhD,1.3249685754603202,15,68.3421905020915,0.5127498997939296,1.5269914441906198
359,44,35985.909696245144,Bachelor,7.818948531157205,24,130.76457747880033,0.3982502348634128,3.8000418085057888
360,27,18724.428893592976,PhD,0.7789433128917509,15,66.56195494996904,0.4971672807176857,4.348296024293812
361,47,6312.563560753714,Master,3.01834837516566,15,39.797212667068905,0.6674155305338311,4.783040756774629
362,62,69249.50571228468,Master,0.7533788391915291,16,82.42655799124303,0.01276542651789736,1.326429308455803
363,38,10995.196412358911,PhD,1.1643641056396672,12,79.35446861096983,0.8715518564582477,3.860538697189073
364,46,9675.001050933106,Bachelor,5.652455105262376,13,99.89541072042215,0.4467395253113928,0.8689544680344241
365,50,36727.652190269466,Bachelor,3.9153759168791913,14,158.28983575997856,0.3429665197000782,1.4708132075894684
366,33,74598.539120847,High School,0.30078486911000696,16,32.24921160665883,0.1382455656340571,4.620423939149937
367,43,44008.426646424145,Master,1.6795330523405356,13,152.9323740983736,0.43946537435844213,3.4303536572207625
368,40,29200.892709324115,High School,0.08881097940675642,14,27.817215187140448,0.49632277128437885,4.7148710496603545
369,41,29654.737452393576,High School,1.9669192639074171,17,127.3302468108126,0.4036466944934778,3.974363149431629
370,28,33749.05781742138,PhD,3.2579828006866367,10,130.0800041103554,0.6786600938268971,3.6985509159897885
371,40,32191.71160713422,PhD,0.37839976031087524,10,56.60268006713123,0.420896528759226,2.8745347924906968
372,47,25351.564218429794,High School,1.0227630969811035,17,43.32403859104853,0.9614175778465733,0.6013624461954983
373,61,23204.477900350423,Master,1.5216794528485509,15,41.367186639674856,0.5992775178235918,3.947560940632492
374,54,21347.788625882476,PhD,7.55965070489133,16,88.31553823138833,0.807477935651909,1.6817639776268511
375,72,15108.574443282618,High School,14.996868227707052,14,135.884097249985,0.10935590310947885,2.208577893573971
376,28,19142.427040018945,High School,0.13785318654504822,20,74.52028499573238,0.3972912929459057,3.8174673366571437
377,53,9447.652650902419,High School,4.293974640901723,9,6.982576885437079,0.3368477014471527,1.901375688488784
378,42,20969.623858332132,High School,1.394327472916467,16,53.61573104363162,0.5694823881365918,3.336060210991488
379,72,13436.154457010318,High School,1.4950028306525192,8,52.07328639580988,0.8611135200614256,3.5188934404560674
380,27,12685.378898474215,High School,4.2105043529860255,9,118.26373652220224,0.07833821776200667,2.6922878838788966
381,27,24099.516946802796,PhD,7.518749978511517,15,122.5255298712605,0.07257479804471079,4.1403324756861934
382,31,44178.8365879547,Master,9.043436359761618,17,93.31742803773926,0.8503177081575989,4.773372141592517
383,8,34862.195688846106,High School,2.5820188303363913,13,153.12346548975373,0.21285008603835742,3.474640639855002
384,32,10044.19061594618,Bachelor,1.3253970019482422,16,160.80830786953385,0.6687532544498137,2.7186874337546567
385,28,13429.189419175746,PhD,4.647132928731296,13,56.23938616991928,0.5428781323608052,3.107422069350968
386,42,35255.80917643928,PhD,0.8670544268363185,15,40.5736630890778,0.8328935948872295,1.8766706069583026
387,45,13477.222311170695,High School,2.4908485228553205,17,78.53116704039257,0.12508890983640353,2.584549017034403
388,68,19686.402047589,PhD,1.3322052356299607,13,93.18234960442783,0.12978296572261128,3.1554765382988488
389,54,28999.27328487185,High School,3.2068494689633815,17,53.96939101187543,0.5568183602783076,3.3186773805377676
390,31,13572.86384001461,Master,0.824885606665529,17,481.5118516531281,0.9463786533583709,3.7081235253503686
391,26,23218.10759652445,Master,0.6380687018533278,18,205.5695471486259,0.41499775837075425,1.999308843704784
392,47,11304.851541779686,PhD,7.51186794536906,14,49.92548876273397,0.32694210025469495,2.57692552133775
393,20,16306.452673913127,PhD,0.32209985611137537,12,33.50411145749296,0.6066893231978858,1.2775833221165998
394,67,25845.478897842808,Bachelor,2.115403675229453,13,46.63462669227056,0.9304486005450311,3.123651569074376
395,57,9931.860819947053,PhD,0.7486658066715753,13,162.71807849129493,0.8369278328446237,2.2886628987204913
396,32,27453.182244509848,Bachelor,0.11912398114159994,10,165.34959815548495,0.9954836107332199,2.8586866497327987
397,14,21811.24846937857,Master,0.11005051683398129,13,207.19995816575127,0.02256858320237709,3.504850879324967
398,60,29034.642854345922,Master,0.5779222303749806,14,39.53302475907871,0.11285814471276223,4.570557217031233
399,38,24635.827554156407,High School,6.0470429456121675,17,117.93834598729556,0.609467763366622,3.867346993463379
400,58,43567.651460591216,Master,0.9958581200041483,17,42.783467079730215,0.8205764393338497,4.8220736613790605
401,16,23449.682898335446,Bachelor,9.014874337607278,10,236.38436059535812,0.28524434230676654,4.138732665112206
402,31,17770.538586451563,PhD,2.6141119475215913,16,40.73511214199662,0.23921108803421876,2.852405600646985
403,40,23415.38939231112,High School,1.7213718294452631,14,26.806294753912276,0.7869757993812009,4.179632498236549
404,40,28901.506897355484,Bachelor,2.6031363035823096,10,31.78537278780572,0.05638185385323158,4.087359900419154
405,33,22571.199973876428,PhD,2.18134307698526,11,82.69946763644491,0.3693826475825851,4.172890284393323
406,49,22478.078977125122,High School,4.266091105648044,16,134.57568857279222,0.5058092225923297,3.7445926969228878
407,23,15506.33852010768,Master,0.9959305451961793,20,128.69964179290753,0.5603486743503234,4.362483979172328
408,37,15812.397151954865,Bachelor,1.3064606175678797,13,33.05172804726054,0.7286151567927769,3.028656568446076
409,41,10923.780227788387,PhD,6.735618682141562,15,61.48652365967349,0.35484572343065823,4.932866121582402
410,47,52827.56361239853,High School,8.781783350832452,14,55.21581101777359,0.6126843446746072,4.644461931671742
411,50,11826.149078591923,High School,6.692418687591921,10,28.849926083828887,0.5853754227909563,3.0460691639127613
412,23,15576.94789152418,Master,1.6313276804924821,14,54.157032240218996,0.5476161006537471,3.2210722567035117
413,16,15379.586655070205,PhD,4.5473714746545815,18,201.49103015555224,0.6404832931422122,2.423064952252751
414,59,34456.81874418133,Master,1.940713537235045,19,25.242662055389637,0.2594491710680763,4.89408961953634
415,44,19006.288191735213,Master,2.0647168498421085,15,97.73728270122699,0.08464875358462898,4.830479614771107
416,28,41104.42407162953,PhD,0.6870326001481353,10,204.51052842056646,0.11927167203974343,2.6774943353444334
417,63,15728.894091296594,PhD,2.6830762907219823,27,197.73185016892404,0.22458238265390107,4.682881785983673
418,41,25323.727501244346,PhD,0.6178856324229923,18,243.46618440899448,0.5001979355227852,3.6938919388765497
419,57,14506.128196569225,Bachelor,1.208447008718755,14,104.6303780492261,0.8404427505460201,3.3399169559739024
420,41,64381.04676511177,PhD,5.7936895358710645,17,115.67696537553516,0.7012933420883841,2.084688194872897
421,70,12163.57112545343,High School,0.6960829797393092,12,54.98543556030737,0.7890406042020471,2.2595809854524838
422,66,25717.0726329219,Master,0.22145081100907882,14,24.703783112310305,0.3509756239260914,4.342567193439079
423,36,30239.020547481072,Bachelor,0.2145124712068639,14,74.42384463728139,0.40465374164855017,3.8276893421431146
424,54,27089.447739315932,PhD,8.479716879850638,16,176.0467196923066,0.3936818859906128,4.162638177673185
425,49,20077.522215736495,Bachelor,2.121254203547399,14,6.82260595147772,0.19187318440450152,1.5185879824335757
426,60,20642.134916705836,PhD,1.5799102494049913,14,57.03930510410452,0.06121665814357202,4.742139264956112
427,25,22514.295364787606,Bachelor,4.996098124985499,16,123.56044110919714,0.5909160928272268,1.7281339995589304
428,50,20465.565051756163,Master,5.4204839966429095,19,83.53668341259247,0.9892166834205861,1.313373091716402
429,55,35665.51585106736,Master,1.2112593721886629,19,190.61271146990293,0.16682970495026284,3.8126628900828408
430,13,66520.23730977906,High School,3.548768331499047,19,164.22089481646637,0.046684819899273755,4.0740013974978755
431,22,16668.13526059774,High School,4.423709199177786,15,21.69242875024871,0.779531681823933,4.3385644886033985
432,9,11104.420044103426,PhD,3.1895966170416616,11,88.79532192094102,0.2525860066847242,4.353138239658109
433,35,21075.341269275308,Master,0.4931917530841479,16,44.61343876088108,0.8296438053529284,1.6124743394747694
434,50,80005.82062542897,Bachelor,6.259593848225844,18,44.12160321772374,0.7039366670345154,4.921315207083618
435,62,14737.679373702233,Bachelor,2.3236870817127713,11,23.461082704634467,0.9456735370508046,2.8575317295192275
436,41,49989.00712419789,Bachelor,0.9958317058213311,8,99.82008208675995,0.408927235756672,4.742796896010926
437,64,50962.75786635205,High School,1.6613464835633045,10,193.21782894645054,0.6619698394506341,2.994448664688998
438,19,16700.699423023376,Bachelor,0.11488522710810684,11,106.26242268447041,0.4648547808132707,2.799820189200042
439,14,29275.068829315645,High School,0.410439347539992,15,21.977141643820044,0.6305886973085435,3.8014022838454715
440,39,49721.77831431933,High School,4.351497220536421,14,80.05158994100967,0.44959890600773733,3.9836286108200043
441,45,18222.93290340564,PhD,3.490446915129697e-05,10,120.20865905529152,0.18863224642407483,4.161272099275605
442,39,19894.723403484346,Bachelor,1.6164709506398132,7,75.62237910871332,0.5078974160033809,3.116818477439577
443,8,16467.755618931,Bachelor,2.217637322801619,16,104.91643933298505,0.5285842014374423,4.901629940249327
444,38,13261.516645044225,Master,0.16855070746949075,20,47.76994830039468,0.8106038482601611,2.9298998989647735
445,20,15920.473914706205,PhD,10.844452608836328,25,69.0254489179932,0.7355207057935812,4.908346392892166
446,50,11944.543791642374,Master,0.7690360355493384,9,65.73474380084834,0.6637916239414441,3.893366255915554
447,45,22405.051686364044,PhD,1.0880735284025105,11,216.68132163650978,0.11338709555257254,0.5290709096227993
448,25,14988.123270168746,Bachelor,1.0869690741718758,17,33.71662445249573,0.720616290663715,1.5477856695994658
449,32,24757.727856697704,High School,0.785718090676184,23,8.186868894230363,0.5003051563545148,4.985972931076432
450,24,10117.806566393549,High School,0.004424727691155174,12,207.7400862846895,0.8940995361061592,2.7345680043089615
451,39,25989.297979860665,High School,3.9207287132240625,11,91.03559607393233,0.9198709341305428,3.8553536768885843
452,54,33415.14371352226,High School,10.219730456708247,10,27.457529823523046,0.05515659060178546,4.1100038186875825
453,25,8128.504023933588,High School,0.761943091332633,12,154.7105752841951,0.8206415603544788,3.128823874713949
454,47,26556.45929224198,Master,3.2634371803817617,23,125.36970080941433,0.03769739042267062,2.217633131843644
455,32,40693.94123061396,PhD,4.063181823841872,14,239.79958313653816,0.36716962569502265,4.761552265270473
456,28,12030.248803251474,Bachelor,5.660031684111104,8,96.39388497983373,0.5422999756210791,4.54567686090387
457,38,50832.2458703811,Master,1.6478117381616766,17,352.74789259823734,0.14810079862712744,1.7038778801947037
458,24,27160.242350043456,PhD,1.0826122261780475,14,76.14036894645147,0.7463138125690768,3.8347036619052415
459,31,15482.940317856235,High School,1.180439757943906,14,125.5332872784548,0.008354704172138572,4.649434215675303
460,22,21420.75222297658,PhD,3.7408636079772695,13,138.20623961210677,0.16859904843403684,2.2247600671410455
461,69,29119.503623261586,PhD,5.091194251890158,16,58.863480334451346,0.5807968298534757,3.7634247304142954
462,40,22879.6396476991,High School,0.6012633949249195,13,57.35827343928871,0.7143875620372924,1.697630285012133
463,29,28835.945520159614,High School,1.390590719900341,12,140.1524220153146,0.9166431026939161,4.99293900800982
464,43,13900.265274878599,High School,6.966533247531098,11,25.175377278073828,0.7054966519346239,3.752202703142964
465,38,23972.92654625241,Bachelor,4.930435106188113,17,44.355967091578265,0.671779270254866,3.96042492177945
466,36,10863.27106905676,High School,12.570928616047128,15,74.52741196672511,0.3943411463506643,2.7095840854443134
467,49,20834.94635971768,Bachelor,4.210300314960122,8,234.93876317621022,0.0012844255268014138,4.795158249778272
468,51,14017.280645640412,High School,1.4986443686509932,13,140.21804412290814,0.12015925873562194,4.088394198661634
469,32,15248.478837582537,Bachelor,2.679465069899874,11,88.37688833970178,0.5345545447560391,2.7359310298015593
470,31,40865.709326727236,PhD,3.2453916612387728,11,54.47190959344219,0.6751298858444197,3.739198187672889
471,35,38011.91948937414,Master,0.24511366636449333,13,296.88047173830944,0.4174482838964625,1.324814396941372
472,5,29868.779812824276,PhD,2.3590586590572316,14,79.6510140673045,0.7306790115283902,3.6557397611199223
473,17,12757.104583914694,PhD,3.7066053700704833,20,44.31852238434249,0.5218622953321788,2.9527509509225727
474,60,18803.452492064233,High School,0.549322290938834,17,333.67372463435896,0.07417619559431221,4.563110731712424
475,64,40398.53698252114,Bachelor,4.551009917922335,14,26.34747568873542,0.19201625096794883,3.6619351292619773
476,36,23643.853286496047,Master,2.6295719014408285,14,197.19611513132017,0.8399982232439429,3.9915850513895874
477,48,70239.40589024566,High School,9.123556533331541,17,84.27339810744508,0.7249127466244395,0.5030406496167187
478,44,26813.4503598111,High School,0.13004523156633752,10,139.98557152839777,0.894761987012495,1.3704750765402738
479,86,24246.427313778036,High School,0.924985808428314,23,123.14494461089065,0.11755724912093657,3.277755560898284
480,56,18872.134875103668,PhD,2.7605489854867313,11,138.59764627403416,0.9902225346150739,3.7295667516942426
481,38,23547.39440604521,Bachelor,1.0553177073139057,17,353.12846196380474,0.2094067139499336,4.5881058333917055
482,25,20409.69030112884,Bachelor,3.759742980566277,14,318.9234837568968,0.01177987628664201,2.643491333274995
483,15,31384.02669068812,Master,4.268940794729543,16,46.40115301835604,0.9974229390535542,4.517841333023821
484,43,35537.76306511538,Bachelor,0.32447983811578224,10,119.87977409144,0.28107388544511314,2.3564853971920567
485,28,14868.575972629866,Bachelor,2.163741730635228,16,14.875689783701768,0.6680194525125599,0.4606875607200027
486,18,11320.647199472269,High School,2.1332648249694466,11,149.02677520478565,0.1766823141763052,3.5357787265025795
487,30,8794.636389470072,High School,1.3826834285617702,18,173.354083740889,0.5802285321991417,4.703497428560983
488,23,28395.77551054483,PhD,8.105825501301526,12,8.344705515919262,0.9040349864545593,1.1002966989649112
489,65,12686.79156410248,High School,5.2721840403842455,16,81.91906588515789,0.3201811674284386,4.261070379336561
490,53,7506.726044171242,High School,3.5841412252451392,18,139.80896224268332,0.6702539760443592,2.2292432145772514
491,39,26749.987960933257,High School,3.758718611476649,15,108.11837119814976,0.1879035887984165,4.038305695964248
492,62,76611.29190106827,High School,1.8581077326878277,12,26.88831125872756,0.6247953987187252,3.235042321253344
493,41,21959.706805357917,PhD,7.614714227136114,16,29.87915116174381,0.33645035181751015,4.815079231890825
494,27,33498.14647660297,High School,3.558353740002627,12,74.70835514555023,0.21120825858795167,1.4782931383322298
495,62,22946.361882262183,Master,3.916699732065849,15,58.85680651012972,0.31318205070363514,3.1235824128404728
496,48,20963.8577279272,Master,5.934792812614716,18,63.512517933036825,0.17884106850779935,4.266225576472632
497,24,34875.44369548377,Master,0.9609116307863235,11,23.282579787266748,0.9019161078378828,4.870262144267403
498,37,19050.768632539297,Master,4.936297605373797,9,85.3764004701207,0.39718688631712884,4.327237828023425
499,26,25177.251738828945,High School,0.6516357956970997,16,236.13320853200537,0.24527930497436734,0.717095130345441
500,19,25870.249075435935,Master,1.2709267324980433,15,28.048108999216815,0.4484078410159329,1.2437046052964653
501,53,15771.420834104138,High School,1.2266599088106835,11,69.9427704722927,0.32053616680649555,4.682987980401884
502,68,36171.29671130928,PhD,11.522662866757846,20,129.1949355967772,0.744419253813326,3.868197824628958
503,19,20181.46971740542,Master,5.8250390291173275,21,17.856762224460315,0.9712199118854944,4.644376948181989
504,48,15095.129487165666,Bachelor,3.6236398979546642,19,86.0269389883891,0.4380336566976468,3.97242315970818
505,30,28803.5787853791,Master,3.895474270260643,16,169.8103223109287,0.8610333999722404,2.215417535263298
506,32,14055.457157045557,Master,2.477107739052393,12,34.244046236298274,0.5658630735596195,3.9783335193014024
507,31,22339.028366541308,High School,8.817526591527605,12,92.41875348487002,0.15723566509423348,3.365391788311713
508,27,21926.264767770852,Master,2.0570776239631674,16,161.55804117446124,0.6906227420813416,4.56495812763257
509,40,37909.14985524157,Bachelor,1.4366134970465125,14,341.4793167615493,0.5134344971258201,2.0646147097227456
510,27,27926.996499500914,High School,0.5339202838204552,8,88.90889973833593,0.6506065232521034,4.515925304369161
511,44,21752.555429513744,High School,4.628222153649359,11,45.23714218154975,0.889687412571665,4.22731829145246
512,39,33152.82297483244,PhD,3.977787845916607,11,45.57350059888577,0.4404345706560461,3.338335524863358
513,36,44139.20966704216,PhD,1.4552545285472527,14,21.90661463293099,0.9011776232173556,4.277716894734409
514,26,29111.98293699411,Master,0.07654860286317322,17,248.8305819561416,0.7506690142816549,3.0038879235966336
515,31,22140.777208653002,PhD,5.4790029483319245,22,154.9128942679826,0.48860492587798476,4.567714039594907
516,51,11430.973043437773,PhD,0.03445100731279066,14,29.871953404683588,0.6032221356579637,4.811680654048624
517,47,12931.780540869073,PhD,3.6491462419807137,17,42.98691366573931,0.32558113251901144,4.5753335602092395
518,25,18908.893535849824,High School,10.545495473819436,18,87.80506245586184,0.9835972997387742,1.5804112267845702
519,41,16240.183272758288,High School,1.7269529749108767,20,168.94134959490336,0.667351163050396,2.7942769435152224
520,51,20060.62762686473,High School,0.8035340431461206,12,120.09288554617639,0.043846852496629896,2.4988388991987702
521,14,22659.2845867498,PhD,3.6610282923593944,12,111.93022559014621,0.32662190574800876,4.879262603974948
522,48,28705.56763483446,High School,5.096908803027976,15,97.03946634006513,0.6233144337590575,4.889971015427755
523,30,21263.57110981597,PhD,2.3718190895667015,12,31.464999204606354,0.0563332777992398,4.667447687044338
524,48,28092.300716193186,High School,10.236951709209249,18,88.67752660364641,0.023884191319142767,3.990492491198628
525,28,22748.106892611107,High School,0.1591541641276849,14,80.78459688752088,0.45002423952780257,4.440590782013904
526,12,8203.094308959158,Bachelor,2.108354006785721,22,21.582906118676025,0.33269017969267,3.0079047745013545
527,15,13771.166524944549,Master,3.8023777420493343,18,244.7389235569491,0.4382986080331659,1.22971109331146
528,40,20495.409682764064,PhD,5.955460477292037,14,50.78146276034505,0.26269330988000517,3.7455426414875097
529,43,12029.925650146732,Bachelor,0.5926306804798647,17,22.20890078339917,0.1647177469429809,3.284232786331167
530,26,29731.55934983997,High School,4.828365964212128,16,58.23113068750958,0.6891433569803377,4.099297813169702
531,49,47352.52465365714,PhD,2.4136247621994897,15,67.78561528304704,0.5145711162678005,2.943230404467276
532,15,40513.11086823907,High School,1.5152945805083378,14,78.91884255716649,0.20015421124936683,1.501784730305988
533,39,19796.85893664974,Master,0.42370593034347814,18,66.88356094964354,0.3195894262599983,2.2889323247453897
534,21,46414.3087275663,Bachelor,6.014021131812765,14,82.41557589237074,0.5918079076633259,4.1369583367702285
535,30,23726.165047646125,Master,0.513337391628933,11,93.36763485567572,0.07222934827247784,0.8647027233910548
536,40,18610.049592081243,Bachelor,1.1122688346672973,21,89.8088958610772,0.14745300926617955,1.7865819396037224
537,27,16208.62307571518,High School,1.0276633215831625,20,111.33394089805444,0.07324560410739012,1.2951249068091282
538,34,18934.958653958623,Master,6.15347281110093,24,116.17501274709194,0.8123173327141189,2.053787453662143
539,55,18140.668780800992,Master,3.350661737178388,13,118.2756869134912,0.7524092332120093,3.163728635585792
540,31,23985.58037810087,High School,4.778943174931922,15,139.79780250507187,0.7533129318792571,3.8393782620738497
541,52,23867.834401596956,Master,0.8649183965796787,12,46.155384340781055,0.716325343476028,4.712530268254548
542,23,22060.0378829914,PhD,2.941480724929699,13,47.62081351040597,0.6693854236698692,4.074805921111835
543,47,27404.68011407095,Bachelor,2.5441162863676077,10,169.4704705219839,0.476991915378175,2.953502308334987
544,61,39947.57056251249,Bachelor,5.366238822578753,23,59.70192186784279,0.642278163507115,2.08765355301104
545,2,35410.974589198544,Bachelor,7.096161303630223,13,75.56541626744429,0.03836155478797465,4.078806695752782
546,28,10483.428127359668,PhD,0.036693808226913746,17,70.41971275256462,0.6214644226567846,3.5923828755636054
547,48,6142.821434093983,Bachelor,3.3627570026686078,10,333.46850755857713,0.7778777055368772,4.75196572664177
548,36,35142.26990220232,High School,0.15968275213866823,13,39.53939061374679,0.5003583603843902,4.374936879928601
549,45,11120.668142895222,Master,2.3879238221096686,23,38.873169300971846,0.35751332842723693,3.1432508263384626
550,30,19685.100308634104,PhD,1.0174850117096579,20,82.63382905761122,0.2774267348009791,3.517304366224825
551,41,12270.37975336253,Bachelor,1.0992088935883855,17,72.00297630016476,0.6428020501620825,4.436900181073559
552,37,8946.4293934098,High School,1.3060345490373515,17,29.59828044198859,0.6928011986299087,1.3661841753647095
553,57,28874.997582535998,Master,2.9129730154147837,20,77.53736729800292,0.8709675998625426,4.941397561671818
554,43,32195.358660061953,Master,1.219621904348502,15,84.37204692202322,0.34233408246099073,3.391073462771877
555,45,16510.384072015197,PhD,3.9581403119783056,14,54.871254324930106,0.7697723073855856,4.540519140603084
556,33,6029.858683820011,PhD,1.5551996363214875,19,73.98441592600906,0.5613558241893379,3.865707763428887
557,32,16762.135390823056,PhD,0.21240451924076637,11,43.017777744504535,0.8828364906780791,1.204521380489583
558,33,26793.16248260289,High School,4.5940969457500005,15,29.66684179948561,0.5278121082956208,1.8593593364526273
559,45,10514.854131423343,High School,1.0096016788551414,14,59.332291889501995,0.5176298283979672,1.337124337386074
560,33,24141.31482665252,PhD,1.7009547379828285,19,34.18754691427755,0.5778770814409091,1.4869856913831623
561,44,21858.49856867425,Bachelor,3.4697783610954773,17,24.388687826229173,0.7493153551424344,2.934599315869437
562,71,29426.348215886366,Master,1.2124506260714933,13,11.822608561635843,0.9646904788284609,1.1649878059313696
563,53,23383.599608923476,Master,0.17474911147169425,18,98.2595921234386,0.07356335421576565,4.187276393431785
564,35,13540.839277088842,High School,1.4048363785564422,14,57.715968376440095,0.05343460239101716,3.327655329624651
565,58,40066.095256653505,Master,8.671338747504096,17,170.15002042429865,0.9375503374073385,4.3249981449545825
566,33,20347.945213976192,Bachelor,3.0794419820133365,12,61.71496451956781,0.5298756255182061,3.179355492739959
567,9,21727.79792807595,Master,3.3394649060851247,23,97.91055531657076,0.6149030145669361,1.964362133119527
568,24,13813.00778726663,High School,3.0013180702084155,18,48.67890063831809,0.48242360159472886,1.4729952729534062
569,11,17647.66703675366,High School,0.6656535537863177,10,80.69621895301735,0.09365745260747449,4.869562695123009
570,34,14151.82178706544,Bachelor,1.6255759365326767,13,11.936143107640962,0.7680893784186665,3.3144914200024402
571,40,20201.79963046999,Bachelor,4.1701819142960215,13,58.61323366327228,0.7472246450885869,2.801303313543004
572,65,51836.72946806522,Master,0.32066136616309093,14,39.76719998391819,0.311703321492812,3.5033022339888764
573,44,11092.776708983622,Master,0.976578748929885,15,158.50413572853813,0.3062392452284004,1.8065750123383675
574,36,9830.246617351251,High School,0.9702142239243059,12,93.35775657256843,0.8378413809055185,4.328587933955944
575,52,45962.685603259364,Bachelor,1.6970015521379427,17,143.6427612459462,0.07235725774132662,4.128045962881101
576,6,19837.6745031098,Bachelor,11.791896399838969,14,182.85924277657,0.8811051483565658,4.058946183628179
577,43,15763.676720801399,Bachelor,0.20966657548836898,19,54.75425191486348,0.2566616898959144,4.239789314518897
578,51,37047.35890981836,Master,2.193799706117842,19,90.44431042922642,0.5929847477554939,4.481171784521683
579,17,16271.855372555729,Bachelor,0.593029382026534,14,31.302606528814792,0.9359941790017777,4.582970252994862
580,57,54885.5208969097,High School,10.58810275567732,12,108.82849506158855,0.6781225015366464,3.0116263004771993
581,45,30913.953658630893,High School,0.3607575754666275,15,120.30736906847473,0.4144298124670366,3.4076369333830705
582,33,17258.22802902528,Master,1.5505361303392162,14,103.56136862786438,0.6895342089054152,1.7022460650722973
583,49,64773.646294533515,PhD,4.016915647103124,13,54.70341035986671,0.3439796363163702,3.5349133371141455
584,74,16271.04681757585,Master,3.657811946109468,11,259.78558920511057,0.27725841634918613,3.356041726332931
585,42,31921.903588112924,PhD,1.648328469059729,11,84.2045693317932,0.9966832779346797,3.297930923708207
586,43,25582.051983800036,Bachelor,1.2763491867954613,21,31.477161461696685,0.7507902311797877,4.77589851557745
587,33,42229.3453037316,Master,1.520562454302378,18,128.39134245580894,0.6447199773818176,2.590979635703743
588,27,48086.44455360988,High School,0.9207017648101181,10,161.7223941532543,0.3552896432193188,4.9932577764379475
589,52,22381.77016388929,Bachelor,0.6894961286140124,14,32.06420366638584,0.04916082915504816,3.5416776438433066
590,27,15112.70507656352,High School,1.9793675756051403,15,67.82361003511195,0.03105687603515561,3.19443611574611
591,41,27722.123936918742,Bachelor,0.9381126178618053,13,21.752095662000432,0.5541812554487988,4.481801015503659
592,32,15695.70387136541,Master,1.0167646939011414,18,187.5571934687648,0.7620327210390511,3.336654911192704
593,47,60276.26100922328,PhD,3.2079416981495523,12,76.92146272065072,0.5373791904438551,3.661782112386339
594,45,23582.676280255742,Bachelor,10.376860707918947,11,39.925147958498115,0.8407850719391146,3.231614078173899
595,55,18349.16272440577,PhD,2.776275980828002,14,163.14510579918027,0.03342653309322163,2.6755418183528556
596,32,24157.258016959535,Bachelor,0.24031139657983527,13,82.47746965632007,0.3667520764259401,3.871373489519682
597,35,11231.042276619697,High School,0.23577802346565324,17,148.20228417620442,0.23707039117417805,2.379028010754746
598,25,13550.693160347973,High School,9.07382897229729,18,113.79924127207339,0.44727296815712203,4.747708170036948
599,33,40143.144354452015,Bachelor,1.0584363441550784,20,35.24576286541991,0.07237639319412248,4.935355682723898
600,45,15859.958214116885,PhD,0.2897540289624203,17,53.17882494550569,0.9541316415710726,4.435739483730395
601,51,13050.014301609724,Master,2.741715143276472,12,40.911353752257625,0.22325540106936093,3.974771281103319
602,26,28805.63700361202,Master,2.9316974139017518,13,29.480220929327537,0.9223077754835848,4.997921998454034
603,53,39848.979578623475,High School,3.1366778424693953,12,16.251692852815307,0.4258931550366818,3.6950842223002374
604,60,31554.66303586856,Master,0.9334745900086978,8,293.9409250333336,0.985524133255218,1.6242376724324827
605,46,36243.80839880977,High School,0.04567804165467334,16,102.18394966409068,0.5540583834602107,3.505844221418836
606,68,15087.2071591363,Master,10.05853932362389,14,113.28956935322519,0.9308328641758075,1.8923719471900635
607,28,10819.384513459887,Bachelor,0.8666205285577975,15,175.57524173569928,0.005348988694222845,4.899247633063153
608,21,46661.132937326416,High School,3.381278707338483,7,52.73359680066769,0.7482388061809001,1.8221053352386347
609,13,18744.582954799564,High School,3.6789606733502285,12,23.426390354849836,0.9030506531025154,2.2959590799228944
610,62,19430.193317822945,Bachelor,2.824882674575459,10,139.3603921839268,0.13972056697895407,2.402697369968683
611,49,42791.598729035046,High School,1.1258585954522677,10,27.403405071603874,0.09612585173215149,3.4188321730723765
612,39,29088.989233470955,Master,0.9486407730976979,21,137.079621645151,0.4245726071859556,2.880770195101011
613,44,27665.567987883805,Master,2.7314350896610766,19,19.89155291355654,0.9336789061329351,4.768949739571601
614,23,65023.31471258277,High School,6.031888252481971,12,25.50997277296923,0.5423865601904387,4.063177014468168
615,76,15966.385497404239,Master,8.79735588282769,11,48.42353020012645,0.5274564637217322,4.59710351606766
616,41,35028.597001250215,PhD,0.3358324354722814,21,133.5249439246246,0.14112611829932187,3.8851668480796944
617,41,22663.399886488405,High School,0.5046475405892911,21,237.58505600026294,0.0007895110932187865,4.56637609418631
618,50,25192.36217918959,Bachelor,8.686914779096757,12,113.15982795537029,0.8101400907454612,4.33148162814132
619,47,47298.51663501142,PhD,4.001506841426168,13,50.05633860202726,0.08757456298623822,1.0750673714154244
620,43,28393.566822205477,High School,6.4365856990333405,15,156.99740199286796,0.633849818735324,4.864423733252447
621,28,28829.31526369865,Bachelor,0.6793193116499762,17,19.260751581230178,0.9146164545151915,1.06057332884298
622,47,37656.229159068906,Master,2.6571818017941267,13,37.00440524544535,0.208651913158431,2.889485921018096
623,68,18352.54682175828,Bachelor,3.623336056713244,17,88.57603813441702,0.6652728362369108,3.0236067221544207
624,60,14478.13944520148,PhD,3.4193519590475328,15,142.53891348715996,0.07869857670750946,1.3847860237701535
625,63,13063.73569625673,Master,1.5735147345118303,13,70.57652282165063,0.603755143837613,1.2291597644896093
626,32,8240.544537037851,High School,0.046543870393244924,13,64.73618482027409,0.16393172095320274,3.153134325930827
627,25,61580.68622004046,Master,2.6234752532720136,11,67.8036435078665,0.735953560515178,3.3730593873063306
628,38,12687.795385630223,High School,0.8754780971355436,23,174.5171027902147,0.3012312947939082,1.703990625679586
629,40,19719.695526546162,High School,1.7948981200431011,18,43.315465063092134,0.46339100880464623,2.67605224831821
630,56,19179.424639665333,Bachelor,9.48047777850163,18,34.77655991132067,0.5994305420276217,2.7200097772976495
631,14,25686.050692181383,Bachelor,1.5276573329091365,16,66.9571324575416,0.17127341066623958,3.8747571264559677
632,62,33119.20505569764,Bachelor,5.494026820543326,16,191.0314388467667,0.7416378186176209,2.6262259186981978
633,37,33868.36745007212,PhD,0.6267627935138896,8,47.72534618009939,0.30264034063681455,4.20451717810647
634,33,16456.260819509236,PhD,3.3484398433889178,13,67.63450189218867,0.6623718599127535,4.971882183271105
635,24,20260.716513731262,Bachelor,11.317690427056993,13,18.92522818251155,0.15828305069937365,4.894057889476366
636,15,25369.17098919635,PhD,0.3223985292618829,16,69.89288408738257,0.6881176592063503,4.964149262039737
637,52,19451.013135294572,Master,0.02506423837573457,14,98.59292790357703,0.12818807281046174,1.4655663173894369
638,41,49201.175182091,Master,1.7052730704752066,11,27.444423334435246,0.4253564962699836,3.3888863847881563
639,20,28155.20379029912,PhD,0.29159998721582997,13,174.73759333263231,0.24720607373887682,2.9927840701622355
640,20,31806.91166236992,PhD,4.139557658687283,16,97.6588009451103,0.7483752494281826,4.870344497433267
641,34,30682.28202806138,Master,7.379424698688947,13,54.18101813122961,0.26203500450687456,3.427550038951476
642,65,39606.040708091045,High School,1.7075947671637133,11,98.19786562319493,0.8817173063953962,4.987959688498984
643,36,24113.10576515841,Master,0.8980967474859578,19,117.9564776874835,0.8918202114066128,3.667294372773915
644,17,11517.052314400258,Master,1.7096220976000365,13,13.785590149968582,0.19644131522278585,4.318875332889213
645,36,26898.98885570835,PhD,3.8560672558681786,13,100.98691184183244,0.6138459450077243,4.604894640390506
646,35,15903.93040755201,Master,0.027286198821685828,16,186.53190327651873,0.08771764171996432,4.8589547428534265
647,0,16910.52789164112,PhD,2.670801816868434,14,42.78475600525432,0.3915370996016292,1.3966510336783153
648,39,29530.59162883329,PhD,2.8502537335564373,10,55.14568001173677,0.7133217295012723,3.1171757684171455
649,36,40910.479664108876,Bachelor,3.045750724059504,9,62.87148553771319,0.6594232468499163,3.3253820233900537
650,50,22261.984868854553,Master,0.8313030690792048,10,143.64758774813149,0.624700669406608,4.112791186198679
651,67,25704.375422610963,High School,3.7558434978970094,22,32.13922683107542,0.2825408636624436,1.2945897687693138
652,56,51591.255616771225,Bachelor,0.287522866817508,26,114.11137073312396,0.378024949434402,1.7524320964289397
653,35,24844.12511631615,PhD,0.6666956627681953,18,63.82296665888649,0.10294614470028618,3.150419173026048
654,23,80889.68219013991,PhD,6.298199285341562,20,244.93697892532484,0.719022820433601,4.6056580270257665
655,78,29224.270450102667,High School,4.026524125935988,15,66.82375840599285,0.5038887967912735,4.14109233902438
656,40,9132.717920056079,PhD,0.04152269657677945,11,6.70174606883022,0.7087656323456546,2.9963337790423825
657,40,32101.910052861378,Master,0.8565582794510423,13,129.5623152089638,0.24894352479687276,2.4200357440574862
658,39,26650.926445986017,Bachelor,0.723947322775418,18,109.99427681958475,0.3244382286350662,4.756662506224815
659,42,41976.96846779448,PhD,0.9474477428078334,16,94.62468232249948,0.33421533726011465,4.056542941054465
660,37,30840.70463906566,PhD,0.8533011433713673,6,183.12310938076294,0.0257424097472162,4.468333185479368
661,31,20553.20169450714,High School,0.1936997109699441,15,16.14318034872223,0.34104787283062354,4.5326814460355855
662,31,11942.406091609639,Master,1.8426781660264064,14,37.50499782402045,0.8033045735180335,4.438964160065008
663,39,19840.654542676377,PhD,3.9585266900978118,25,80.38271092163956,0.8972984957497385,4.465681964632275
664,31,14396.49096518561,High School,2.799789797084752,15,90.91766969283593,0.5182183156359275,4.263443982914719
665,29,16477.288795572353,PhD,3.352208202909441,21,71.64665633701976,0.45550169521922024,4.363935948758274
666,41,29563.30579533519,High School,0.2538944904845849,13,19.229459882414787,0.030824618699370254,2.484581896519358
667,36,50764.483846459945,High School,9.077999869902042,20,55.59175205003682,0.8792043375853826,3.834090125998737
668,62,26831.60505863359,Master,5.469598719474868,16,233.73230733383866,0.013010213425872719,4.304171472770264
669,0,12113.28991559477,PhD,4.905656998464593,14,30.711308227848054,0.9447500802102118,4.921175510276883
670,56,27509.903170237223,Master,5.194542160964192,14,79.02858141197457,0.48921624868809066,4.302239998864422
671,58,40067.29695665897,High School,8.096253579589153,14,114.41548402609551,0.3419344935747266,4.4213389502042215
672,8,16237.985295164804,Bachelor,2.3574587035501056,13,140.77834718952087,0.9242184348426601,4.613249069317332
673,34,20598.868305935735,PhD,0.6704884073980412,11,129.12660004646045,0.024390993110096737,4.212907148724651
674,34,22188.8257681779,Bachelor,2.877466370392735,15,52.295892989065116,0.5814248948690871,4.176119656472257
675,18,14876.690090051423,PhD,4.074654558704506,12,37.36030259233569,0.5489325244993376,4.80170711585319
676,28,30459.104198973375,Master,4.017286597120202,15,246.21935957743807,0.21932040121138208,4.045520927230093
677,23,20733.91254029629,Master,2.2109776235901455,24,150.38499716618207,0.42888743135021057,1.6549849408487218
678,66,27167.215748383012,Master,0.21274432076111122,15,84.83961277064103,0.6522640059437702,2.397579410476829
679,54,14132.804170704107,Master,1.3914107722688833,15,204.49897962632323,0.7271311968819275,3.284966393611847
680,59,17699.131504899975,Master,7.606072376109799,12,23.569539273201336,0.0007168587065797816,3.453378868641673
681,50,31608.79485076455,Bachelor,2.634449134119245,10,6.985588110225868,0.9368534300910153,0.8325754817733979
682,23,18280.37618700317,Master,2.318727414104659,16,90.15071844184385,0.1645253723928124,1.9447109757218441
683,32,52233.63555317692,High School,0.9394243457575915,18,93.34980680288432,0.2335804342223592,2.5576918828982547
684,47,18037.025694130614,High School,1.3787293606594415,13,21.404600308426637,0.26347344569384823,4.325444527972299
685,21,24645.321464981713,Bachelor,6.771289380177017,10,146.6708633022063,0.03782013655203531,3.90839330201787
686,50,35111.90114470744,PhD,3.294004853238196,19,11.138403890627485,0.12305212359032491,4.761996749978414
687,36,10838.036604403474,High School,4.644845379224881,14,105.10044392527394,0.986349922944162,3.1142099948784234
688,34,9132.507628747326,PhD,1.8173074392638955,20,122.8044113699317,0.31521673737728606,2.584773776341525
689,50,10271.946758155656,Bachelor,2.9847619720650655,20,89.35278537484518,0.11530109033904934,4.534666406001199
690,46,41410.59528023309,PhD,0.8565876095890146,11,18.413461335280388,0.10699126117462332,4.171596014184899
691,34,16715.15257855233,PhD,3.667029841811953,11,181.81781595440248,0.7194599676699719,3.326046331269568
692,57,79149.96656110826,PhD,1.6737586839670868,15,53.75706295986249,0.8545686640326409,4.944895845537363
693,23,16611.926839595133,PhD,1.7531232597119257,11,53.89962894446418,0.2569522995084699,1.041715115770782
694,49,24155.699891844317,Bachelor,3.143663343159611,16,45.41579025422723,0.02090951233523497,1.3202072708770771
695,48,47622.23134657154,High School,8.259799641329215,17,132.25103187553222,0.2230900184453558,2.819736840204369
696,35,60056.823062713665,Master,0.19843974927689723,22,51.67460020519925,0.056515690796757334,3.343682479010437
697,44,61743.98175716977,PhD,5.224509495621455,12,28.042339887524577,0.10339493663004151,0.29925452422853904
698,21,40303.07772219768,High School,1.0375573444384067,18,158.5341519734813,0.43150811984764237,4.8035760277660895
699,53,36755.06296495414,High School,1.7605263876836892,13,77.5915750424898,0.22991837086163258,3.784310989556498
700,37,29621.729466876615,Bachelor,0.06647097596840817,16,162.32319164921984,0.5159458785254234,3.273519165017451
701,32,32506.01857459028,High School,1.0745113757089164,11,82.04268550265714,0.25349375325719037,2.232032660923597
702,55,16720.773404781383,Bachelor,2.095270684402888,18,42.8071307486178,0.9405373011029476,4.026516391488687
703,29,14631.039707281092,PhD,0.173446958543865,11,13.265624612735849,0.9059439679262645,3.160639718420261
704,18,21989.333443630778,PhD,2.0264860606919237,16,90.43664392685012,0.566806105010466,3.849571325439049
705,16,20229.71189803881,Master,7.856437353373735,15,62.98065894828435,0.35442399198738617,0.7753890640499522
706,49,17560.124819509405,Master,0.3341130212724737,13,136.09374891549223,0.38114688203473557,3.7547592103564313
707,20,31200.634924300764,Master,4.337378135216404,11,49.69751752385393,0.41185228314449696,2.0894382210478
708,66,35512.94668339558,High School,1.5812260823919753,11,107.40275598604998,0.727579322134944,3.224842397639229
709,8,23021.951277923377,PhD,3.194143527360369,14,79.51769136779102,0.4516389955188379,1.8685469986470225
710,65,46109.07390502257,Bachelor,0.9042746127436956,14,39.602699914423305,0.8567299465058974,4.067505012110331
711,43,12446.010925154424,Master,0.5212473611855498,16,53.06249258292092,0.9440947859303646,3.3895536600711704
712,38,19993.65536305359,Bachelor,0.5247128103846568,15,23.0431687286565,0.33594615337893385,2.2975174177453312
713,31,15391.779384860609,Bachelor,0.21929941980201506,18,257.5048532303345,0.5606944813756801,3.1056018309922266
714,45,8662.266531145757,Master,0.6160829510330673,15,105.74028133985574,0.09505653683256443,3.430502049301165
715,39,21134.449315257785,PhD,3.273891791358996,22,21.512069228786906,0.200469047766359,2.852356624959728
716,56,20725.62726829812,Master,6.403356456774585,16,248.8961761586967,0.4134657667101601,3.0049160841772284
717,41,46944.666171931494,Bachelor,5.048053687984223,15,30.318410758525573,0.20620271590177885,2.4778518695676732
718,42,30194.221448128348,Master,3.4668273349093712,16,48.98425955416008,0.8765604907887176,2.0517102808072303
719,34,13199.135154577303,Bachelor,0.35105752143189445,15,66.67281238003166,0.15828625605909807,4.960761940314088
720,39,55661.62797234166,Bachelor,1.0240395644532891,8,80.99370414618838,0.45566082155309195,4.129156150040789
721,44,40559.156745989,Master,1.1123514891478907,19,133.57759914207676,0.6056992404598757,2.2178277383338556
722,14,29467.66536127659,High School,0.8628740078886057,11,9.92697539234685,0.6918639081608444,1.7703036880626875
723,19,19668.19121407623,Master,2.17085417285198,18,81.96949731762795,0.38306936972650674,1.6005156305139276
724,51,13633.433242521747,High School,2.300728748819532,16,63.97525000359323,0.8690990687247285,3.6734319937372977
725,42,18286.10227827453,Bachelor,1.3242997137517731,5,91.64821651454012,0.5683191510779255,2.673717413690437
726,37,37963.266869154264,Bachelor,1.3098883463544964,19,61.481243670511134,0.4395077804475518,1.944081250854028
727,40,56516.79632066212,High School,5.290488752931262,20,55.0361496606922,0.06724063405203662,3.3752604535201156
728,45,47649.230699521184,Bachelor,4.671858048807235,14,72.84321213060741,0.464689468445165,3.103909222629201
729,31,17250.135700200666,High School,1.1036229778701112,14,239.92264149314596,0.8207358408157303,1.197640214143557
730,28,12584.123809770173,High School,7.352853145508499,16,55.91629020716752,0.6145410182213155,4.083304417539888
731,42,23634.03524438574,Bachelor,9.161038781538014,13,176.30575958570859,0.8321624537291183,4.337234433039889
732,25,9097.73096782609,PhD,1.1868824093633707,13,88.79130400382772,0.4940116705993056,3.250147921830488
733,46,25889.269507044548,High School,1.3128414213725594,16,85.73027600548934,0.11846170509448184,4.076982220231951
734,14,20459.420322091646,Master,2.1134383673125803,12,92.29721298189178,0.01363984583588107,3.940660198883351
735,55,17448.025145803775,Master,8.49680281344406,14,114.15337611287879,0.3032195467185912,3.681831318606277
736,47,9923.376013928775,Bachelor,6.270159332678361,18,59.51787320650045,0.6979904714977925,4.930971702302359
737,43,28475.52009975558,PhD,0.3246536574421628,13,168.20355406613058,0.7902599039416938,3.364762603537754
738,54,16876.03049369074,Bachelor,1.496349000702143,7,114.35415876450692,0.2957528346203294,1.4011059140767865
739,64,12271.583477444834,PhD,2.4180822944045213,21,25.133244500812996,0.4956539208832471,1.508052823049497
740,55,5238.910801288404,High School,2.0982954983522046,15,6.784599279800936,0.4211189044340816,3.9955219932996853
741,12,21725.512658283813,High School,0.6465049800245324,13,235.08682609409388,0.41052278435142786,3.5968331619856637
742,20,53429.9002667497,High School,5.873090210867559,16,94.47255762681452,0.2313487132001505,1.092232487295963
743,30,50545.52060029857,High School,3.3897589145641702,9,22.170993174225202,0.13637110502945837,4.707325881868011
744,40,17526.194541275767,Master,5.458780548898322,25,55.85182267752501,0.19668855823121312,3.6294185733110345
745,47,16299.569408982865,Master,5.871975020416285,16,150.33557919847084,0.0553323871633461,4.279033302221959
746,29,27844.399445899046,Bachelor,4.139217921509253,16,69.51652028554439,0.19813074182357704,1.947569861915622
747,42,13370.516229808742,PhD,1.7352295417142316,16,74.51375642799846,0.009200897625379456,1.9179646768867376
748,28,25614.040826794604,High School,2.8290343782811496,14,131.6381228025396,0.6272584006359783,4.957327058924495
749,30,32307.03021337047,High School,0.5243654672199103,16,101.17773814767746,0.3163754073876829,3.9226572269701405
750,18,40678.97332215231,PhD,3.3593124367486706,13,120.33160886938397,0.9731447114269086,4.505702174462164
751,26,20950.608321615742,PhD,0.5926220681817065,21,130.67151311748552,0.19371705077629786,4.869424471479882
752,19,19893.794440322068,Bachelor,3.5520163611074285,17,43.861419567262274,0.3458285703095939,2.723940749293371
753,25,14200.162775992556,PhD,0.7825290933301938,11,47.50967668335598,0.3578411586415332,1.824194765478519
754,55,14567.66787629597,High School,0.3751638670384885,15,39.377676587823764,0.00845149606246054,1.2543049261538477
755,25,19668.24241977034,High School,0.5419929568291455,16,49.75926257115342,0.8392079530394589,3.5101877541454156
756,79,26467.762272800443,High School,0.005982366479131878,13,72.28998325120196,0.03199446014432472,4.383501656505567
757,47,34779.80958726766,High School,3.8054232355387922,11,76.43228623105607,0.9401798347292414,2.392151285305355
758,42,14741.331950605116,High School,3.954797612951404,11,200.35732677880955,0.8920743510936207,4.501057488354945
759,27,46459.87354327017,Bachelor,2.1704069238811536,14,97.67266794170892,0.5355219160859636,4.477904920843096
760,50,19234.064899593253,High School,0.5279312605222648,14,73.40129127369057,0.5435955749112921,2.8477789021827986
761,31,21792.395394944604,Bachelor,0.2617575045720627,20,32.07756788719914,0.6537779229561563,2.2856633836718014
762,41,15159.674082146063,High School,0.05794287695144899,15,62.524444287754086,0.387050011934887,2.0977148670649366
763,78,6554.321420004908,Master,0.5436599283452037,14,246.83979349794504,0.6472222833978555,1.9547680843687485
764,38,34269.90004524356,Master,6.645248721448905,17,244.28367012884507,0.04476838868848687,4.456423521071976
765,57,31838.194996603248,Master,0.8293831594855063,23,61.910588285923815,0.05404762734972657,4.100938106920433
766,29,19136.18303079339,Master,1.3121276238032813,13,15.311703106459582,0.45723041961954436,2.531756893217132
767,39,22776.74546281162,Bachelor,0.33395295423290017,11,55.440554704728086,0.5496223011060349,3.792103722132408
768,66,28508.843285677267,Bachelor,0.7544797939850492,18,201.814564845955,0.887817640335819,4.22726065224203
769,30,10084.219664674582,PhD,2.197065003057493,14,72.67947147792945,0.10466063390789626,4.693532381141054
770,67,16906.841835583808,High School,2.8075881829852194,17,131.73194273670128,0.8226479271938894,1.3858042925686975
771,50,32765.5304151654,Master,0.8445128397713608,19,79.29667037688309,0.2100473372920696,1.0426998295065006
772,31,11764.658669993756,Bachelor,0.1783971383630446,20,20.3814047107986,0.39408364851003186,3.159130635677182
773,49,25508.805010699514,High School,1.4879729550701275,23,81.46161331080923,0.3166024348274129,4.323024151416473
774,54,11178.069950562898,High School,0.8005159253551675,13,144.0481963514503,0.400155272865399,4.250558473342618
775,49,27811.78112036165,Bachelor,0.7436688884160689,14,49.172196221716,0.15049549807258555,1.9804108525122432
776,16,21637.41473471701,Master,9.646355284518021,14,141.44828695788007,0.503570074403555,4.35118960746979
777,29,9822.530848735647,PhD,2.8736866444529903,12,85.382678376612,0.8016425898313673,4.522895036774997
778,36,39433.44831834923,High School,2.4417334557928356,13,136.2854690965427,0.44153401037889695,3.6820798802008503
779,38,15255.634841647083,PhD,1.6124078207339254,11,102.23550412547586,0.4906135758981991,3.2837960105968707
780,49,14689.287733320803,Master,1.6808057533904162,14,34.07937885693054,0.8487675852813142,4.241808840398378
781,42,24349.93839712825,Master,2.335494381059449,16,63.03867544081297,0.7060581146380308,2.196039919783859
782,19,39117.24411520281,PhD,3.576427250771415,10,61.41982571493914,0.4904544085197847,3.5802180198647413
783,45,13254.456182201664,Master,3.633456505005138,17,47.21728852189402,0.25769564818917967,2.7175636332042394
784,49,22716.34355771605,High School,0.565117548678683,17,96.4495566892518,0.8849267468449666,4.195961926504891
785,48,27293.61988913194,PhD,2.0801181304292515,15,276.0217834413648,0.5770204016905583,3.3281583440579148
786,56,31149.47915816198,Master,1.5928712000222167,17,168.35139173634627,0.2211476101106934,4.2234302242080135
787,52,24057.94988927337,PhD,6.1328479597998555,15,183.69653183182325,0.26911975263801036,3.578375958550301
788,46,18333.51492428305,High School,2.99428370317113,18,44.79273175964244,0.8031330889362459,4.103758962116179
789,38,14562.498243290545,Master,2.281093885521687,14,185.74155592985935,0.04414556208745546,2.7537838347770367
790,15,22995.916634592133,High School,0.3678409703808206,14,227.54637250052033,0.9920921870288201,1.7257860532448175
791,46,12886.43509422603,Master,2.7914571873982075,17,43.52899401978222,0.13035167971479178,2.022477474547759
792,43,5111.891433495368,Bachelor,0.3739830864160432,20,110.5542804966136,0.7960685253969374,4.379952925669988
793,44,27399.49611048657,Master,1.2338757431061913,8,112.65493266410243,0.39477531677168287,3.639074398252263
794,20,34612.404921804125,PhD,0.46239891680227574,14,66.71965587786454,0.49221618328746686,3.783320782230652
795,23,6758.348147032154,Master,3.5336839149488655,16,90.86930615669607,0.8806505774645779,3.3777569621246335
796,55,13294.884918551452,High School,0.6929681756383392,12,116.61123541034735,0.41291118958921325,4.516728798066998
797,39,30018.739946406018,High School,1.4920473889850545,20,70.27609368490334,0.5374937536732345,4.8429222938897585
798,50,61620.36742298929,Master,6.78072636266139,11,162.96932082551677,0.04929966240916994,2.620189007117884
799,40,22256.666347370297,PhD,0.6856609161904607,12,25.270834142592076,0.0023474738674531537,3.507245641548065
800,40,15305.974622911288,Bachelor,2.126641288484907,15,61.20699510906604,0.2447998730017259,1.6108597680305425
