customer_id,age,gender,income,education,city,purchase_amount,num_purchases,satisfaction_score,is_premium
1,40,Male,31113.44940617614,High School,Delhi,78.62844785492396,7,7.902619910541843,0
2,33,Male,24932.35900533312,None,Bangalore,1048.3042751819582,4,7.876426531068065,0
3,42,Female,42599.05100833109,Bachelor,Mumbai,375.5886760536203,4,6.257729154189738,0
4,53,Female,70985.09632059839,High School,Mumbai,314.8618241527925,6,8.528484588770567,0
5,32,Male,14220.128859662776,High School,Mumbai,56.42301959700797,3,6.541209699374763,1
6,32,Female,38465.34709744313,Master,Bangalore,524.2771881540705,6,7.265585494942435,0
7,53,Male,33521.20833802329,High School,Mumbai,1012.4751323483405,2,8.530161105755033,1
8,44,Female,50800.934965263754,Bachelor,Delhi,880.6710110388967,8,6.537267894083488,0
9,29,Female,40400.53531039844,Master,Delhi,491.8228864824997,3,6.645972864628294,0
10,41,Female,24934.691210621404,High School,Chennai,39.13145108669709,6,8.387502074539697,0
11,29,Female,30960.671977467788,None,Mumbai,59.615369322930306,4,6.213400235092471,0
12,29,Female,24391.42881752032,Bachelor,Bangalore,25.28308840597974,5,6.922811964593894,0
13,37,Male,62193.363027700216,Bachelor,Chennai,148.85220872054833,6,8.333613267064338,0
14,18,Female,36704.54338497216,Bachelor,Chennai,72.89538325171297,1,10.0,0
15,18,Male,93957.26618935094,Master,Kolkata,150.5850070756569,5,8.40810675714412,0
16,28,Female,35230.57502020607,High School,Mumbai,243.1137075872818,7,8.208959644485017,1
17,22,Female,25483.758751972902,Bachelor,Mumbai,1432.20101145545,6,8.296202375509095,0
18,38,Female,17037.001280297285,Bachelor,Kolkata,471.28663045133897,6,5.8902145888994255,0
19,24,Female,14741.621432111027,High School,Bangalore,900.8254715260418,7,7.673395108019862,0
20,18,Female,16447.55361132387,Bachelor,Bangalore,619.5435812880585,4,7.4553502674953975,0
21,52,Female,41504.756973023745,High School,Chennai,59.67514249636929,3,7.982376810559134,0
22,32,Female,46833.896860078035,Bachelor,Chennai,665.7523651336662,8,7.6747620787138064,1
23,35,Male,16471.792458658816,High School,Kolkata,160.86001089330654,4,8.069549516125669,1
24,18,Male,56812.92644294197,Bachelor,Kolkata,509.58805521008253,5,7.032799207651197,0
25,28,Male,28523.09742963579,Bachelor,Chennai,208.4870215114887,5,7.587913376057689,0
26,36,Male,39081.18804365116,Master,Delhi,3031.4294208507404,3,5.658257150914512,0
27,21,Female,81316.99498758651,High School,Kolkata,152.95797150306979,9,7.020139082995629,1
28,39,Male,56864.10957580461,Bachelor,Mumbai,163.64855807506018,8,9.586250322264965,0
29,27,Other,31752.751946564546,Bachelor,Mumbai,1334.4550501355334,6,7.9782125094423835,0
30,31,Male,23257.98719506433,Master,Kolkata,12.476580641232493,3,7.468618443925385,1
31,27,Male,12383.154245097689,Bachelor,Delhi,596.4982786210586,5,10.0,1
32,57,Female,25347.19470519428,Bachelor,Mumbai,646.0858808065867,5,5.458747532548381,1
33,34,Female,32677.265831470446,Master,Mumbai,905.0999592309096,5,5.83581666683067,1
34,22,Female,22168.114162869126,Master,Kolkata,1833.3498397554022,3,10.0,1
35,44,Female,34008.69534879751,Bachelor,Bangalore,1856.6254018687648,7,7.568941404073401,0
36,20,Female,37738.11767223846,Bachelor,Chennai,33.75239545330685,3,7.136125445565309,0
37,37,Male,32453.77373138647,Master,Mumbai,862.534727349106,0,5.701193512356535,1
38,18,Other,26238.910184385673,PhD,Chennai,519.6671340724831,6,8.171544399592518,0
39,19,Other,39510.72116593546,Master,Chennai,521.1284556163474,6,8.316689804291194,1
40,37,Female,45295.83319475341,Bachelor,Delhi,68.68361380083194,4,5.858258458747656,0
41,43,Male,21053.04451678444,High School,Delhi,525.178514403889,5,7.289586621674357,0
42,37,Female,73531.28124809387,Bachelor,Mumbai,2022.2797494572878,9,6.996726251950401,0
43,33,Male,34568.76936247669,Master,Kolkata,1214.1794385659173,5,7.883965719628157,0
44,31,Male,36659.38741940429,Bachelor,Bangalore,289.1336537734984,4,5.821124636669034,0
45,18,Male,51746.248286909606,Bachelor,Kolkata,20.38390074753596,3,9.377921181769736,1
46,26,Female,40806.965368266996,Master,Delhi,224.93855857565978,6,8.873735672396407,0
47,29,Female,58487.498934483585,Bachelor,Chennai,875.4728347802878,2,6.955236661900776,1
48,47,Female,41921.83461050732,Master,Chennai,604.4911679935315,6,7.175371932542443,0
49,39,Female,26736.402696510035,Bachelor,Chennai,307.4857124422771,6,7.2953667745835755,0
50,18,Male,43510.24743721463,Bachelor,Kolkata,28.338900936749923,6,6.332537170490245,0
51,38,Male,20499.11300905963,Bachelor,Delhi,278.3429290328935,5,6.834855872647447,0
52,30,Male,38341.18228153445,Master,Mumbai,316.5201131484224,3,7.0945944484880865,1
53,26,Other,35717.105714495585,High School,Chennai,1319.4174074456996,4,9.919302556060693,1
54,42,Male,32726.5374757802,High School,Chennai,512.3363810539972,4,8.919927462495655,1
55,47,Female,34054.96937112098,PhD,Bangalore,186.7310433251216,5,8.901982061004935,1
56,46,Female,14172.737122828355,High School,Mumbai,372.55536497038463,4,8.054888419506586,0
57,24,Male,27601.83530712824,Bachelor,Bangalore,34.16902929515955,4,5.824009486603148,1
58,31,Female,38041.10066190634,Bachelor,Delhi,1798.0268270906397,5,7.437763343133931,1
59,38,Female,39337.289726913776,Bachelor,Delhi,223.1903518878148,5,8.95573268942007,1
60,46,Female,21723.77212473993,Bachelor,Bangalore,324.9168070090025,5,5.612603055949068,0
61,29,Female,68381.24844140327,High School,Chennai,219.47266463424023,7,8.454829810309896,1
62,32,Male,23550.74128202116,Bachelor,Mumbai,573.6572032898788,3,10.0,0
63,21,Male,58966.72615130303,Bachelor,Delhi,542.6982392290495,2,9.092724968984598,1
64,20,Female,44963.088694807244,Bachelor,Delhi,628.1988264083703,4,9.62104370334298,0
65,44,Female,26288.486458710893,High School,Mumbai,156.0852265176102,4,7.827508125663241,0
66,51,Male,88225.86441172397,Bachelor,Chennai,189.6564010583294,6,8.951897923147484,0
67,34,Female,19993.881567783887,High School,Kolkata,66.90927755226514,3,6.423220178468947,0
68,47,Female,57502.11949018658,High School,Delhi,532.8450673998246,5,8.69379571851184,0
69,39,Female,59891.57714983104,High School,Chennai,20.30534557717763,5,8.481582201091145,1
70,27,Male,25969.80758391564,High School,Kolkata,455.25664613706005,5,7.934866761056495,0
71,39,Female,72855.45218209589,Master,Chennai,1018.942106622196,5,9.474011129577747,0
72,53,Female,32047.573277148684,High School,Mumbai,1107.4343286358617,3,6.691822743228917,0
73,34,Male,41954.74492846217,Master,Kolkata,298.04450139727146,10,7.219413725289507,0
74,53,Male,41363.78089881217,PhD,Delhi,307.44875189969,5,7.643193062037445,0
75,18,Other,33956.84148787818,Bachelor,Delhi,40.04632858983886,4,5.955583543365899,0
76,44,Male,54469.93279507372,High School,Mumbai,555.4917873811835,4,7.840397915700372,0
77,36,Female,54000.27187608791,Bachelor,Bangalore,860.9099000916676,7,4.92160438056923,0
78,31,Female,15149.669770616543,Master,Mumbai,140.290376376671,3,9.070431801642314,0
79,36,Male,69714.95397486615,Bachelor,Mumbai,273.48629693785443,6,7.569956049848948,0
80,18,Female,15815.630560453976,High School,Delhi,912.6767516434536,2,6.7186606441443555,0
81,32,Male,60856.450670392784,Bachelor,Chennai,1048.27540771773,4,6.248439581557317,1
82,39,Female,63790.05429665432,Master,Kolkata,139.31490422755516,4,7.148131455571218,0
83,52,Male,21047.073112211216,Master,Delhi,399.88828883301784,4,8.53238956615862,0
84,28,Female,29572.2841689369,High School,Kolkata,106.90187086828234,8,8.32160846810634,0
85,25,Male,20892.54479109103,Bachelor,Kolkata,53.72510663319602,5,,0
86,28,Male,32615.38814120815,High School,Chennai,1210.2368874451595,8,6.230940491058549,0
87,45,Other,31131.730704005382,High School,Mumbai,858.8109391173632,5,8.48534805947947,0
88,38,Male,53628.1966763967,Master,Chennai,713.6308951975792,7,6.416478893077456,0
89,28,Female,69923.31168053321,High School,Kolkata,24.997762539450644,8,7.589864661119256,0
90,41,Male,72972.7895968397,High School,Chennai,928.0811364606515,3,7.685631963786416,0
91,36,Female,27416.930053031057,High School,Delhi,288.1659295209507,4,7.9680931975901075,0
92,46,Male,32708.460788508397,Master,Bangalore,209.57550967752124,6,,1
93,26,Other,15650.856202387487,Master,Bangalore,395.3539425761557,4,5.605555594699016,0
94,31,Female,24271.66663034008,None,Bangalore,47.89943309398927,4,4.633261012109268,0
95,30,Male,58831.094759432024,Master,Mumbai,706.6201815154283,6,6.648829078157473,1
96,18,Male,81453.81176543293,High School,Delhi,436.6576211608102,2,10.0,1
97,38,Male,19591.00015617957,Bachelor,Chennai,103.26005530273132,4,10.0,0
98,38,Female,27004.745003698055,Bachelor,Kolkata,104.27047001080516,2,10.0,1
99,35,Male,35839.184808102094,High School,Mumbai,101.82284525958717,8,7.2105279483589655,0
100,32,Female,41776.13737938591,Bachelor,Kolkata,29.345764110159756,7,4.826827377022757,0
101,18,Male,24226.400324934402,Master,Delhi,443.12142434901415,2,3.9854413475222388,0
102,29,Male,44892.702030890265,High School,Chennai,917.379972422134,5,6.578942757675883,0
103,30,Female,28654.916885682782,High School,Chennai,8.826558707916064,6,7.20288955477596,0
104,25,Female,36054.02779760423,High School,Chennai,25.12305037537511,7,9.450938101583938,0
105,33,Male,47721.7297758888,High School,Kolkata,425.216708356428,7,8.801708189313668,0
106,39,Male,36432.30408467119,Master,Delhi,856.0002989082546,7,7.841107618487431,0
107,57,Male,29196.58574085055,Bachelor,Kolkata,197.81102311442498,6,6.165232843588288,0
108,37,Female,34378.79050194213,Bachelor,Mumbai,215.09492969092534,5,6.058830662632665,0
109,38,Female,,Master,Chennai,453.5992180495252,5,7.881191530607153,0
110,34,Female,30181.8033914838,High School,Chennai,160.24927143376468,8,8.54557646825959,0
111,18,Female,31907.678612609834,Bachelor,Chennai,13.484388158165903,7,8.087821893368377,1
112,34,Female,80766.98707802575,Bachelor,Delhi,664.4440787386447,4,5.948103060590018,0
113,35,Female,48072.21911060129,Bachelor,Kolkata,491.2819288731211,5,8.476001443188128,0
114,64,Female,31327.758639215343,PhD,Mumbai,434.65109369943303,8,8.138866450652117,1
115,32,Male,51455.73498770644,Master,Mumbai,676.7860683394994,5,5.894000390714733,0
116,38,Male,30732.93792835282,Bachelor,Chennai,562.3203092174411,2,,1
117,34,Male,65287.92084776529,Master,Bangalore,115.26159964046741,3,8.53274396184235,0
118,20,Male,43687.665887120784,High School,Chennai,217.3036073534379,7,7.148238697281164,0
119,48,Female,34418.480673890765,High School,Delhi,67.40046574753866,3,9.883720952454686,0
120,44,Female,45426.842913314715,High School,Mumbai,69.5488642223212,8,8.251693914096865,0
121,44,Male,16556.961453000076,Bachelor,Chennai,563.8080505933256,1,6.770053217716097,0
122,24,Male,20673.671584058735,Bachelor,Bangalore,978.0816410573525,5,7.484691599413601,1
123,51,Female,19991.000910484705,Bachelor,Mumbai,1644.8179480354013,3,7.595075088956578,1
124,18,Female,39006.030734763626,Master,Chennai,494.8974860103846,5,6.4074145301374354,0
125,42,Male,86358.0668628645,Bachelor,Bangalore,101.73255125667336,5,6.13111770273356,1
126,61,Female,110818.61815801602,Bachelor,Bangalore,55.82923389996878,2,8.55208484071425,0
127,23,Male,49962.37747715147,High School,Bangalore,837.9250179324125,7,8.767909945563144,0
128,28,Male,46649.72155615887,High School,Chennai,432.27208579105763,2,8.405672204329438,0
129,36,Other,14756.975023211031,Bachelor,Chennai,481.5405385879955,4,9.772977141485702,1
130,28,Other,27685.47261123382,Bachelor,Chennai,760.3978863268138,5,6.687340145982597,0
131,18,Male,24492.154580473085,None,Mumbai,607.4785014010113,4,10.0,0
132,35,Other,26624.209192339185,High School,Chennai,899.2659336853519,4,6.148618322168771,1
133,22,Female,33387.207302732495,High School,Chennai,28.9278666399649,5,5.980971654947261,0
134,40,Female,28679.983263443275,Bachelor,Chennai,688.2128816479518,4,4.860061676776125,0
135,23,Female,13498.719320955119,High School,Delhi,951.410627549352,4,6.831307029259775,0
136,53,Female,52783.56372042295,High School,Kolkata,168.5307348132644,5,6.74441649475582,0
137,25,Female,21239.724131875977,Master,Chennai,511.4472238721316,7,8.288905920381975,0
138,31,Female,40930.199025438196,High School,Mumbai,188.5569619133633,6,7.865836412430676,1
139,44,Male,102440.90091884423,Bachelor,Delhi,1584.6985023009577,6,5.710539943471295,0
140,20,Male,22932.43823880112,High School,Kolkata,16.99745341424337,8,6.910910642361274,0
141,37,Male,10248.188514208967,High School,Mumbai,433.50373016649723,5,6.942806968368472,0
142,50,Female,31476.543261722203,Bachelor,Kolkata,91.06291620431998,2,4.836026629557161,0
143,18,Male,62974.163463193094,Master,Chennai,622.7798463062179,4,6.028579909479946,0
144,37,Female,96681.14975371197,Bachelor,Bangalore,96.72580337277714,6,6.343779554078866,1
145,38,Other,19638.06792883446,Master,Delhi,134.19028332078364,3,9.65043752973142,0
146,44,Male,46553.13426641457,High School,Mumbai,340.97585324907624,3,7.7871760739360285,0
147,20,Female,28777.37512954024,Master,Kolkata,1231.5820702687367,5,8.49325313092125,0
148,19,Male,34441.78625302875,High School,Delhi,118.94739145394321,5,5.252046754276182,0
149,41,Female,136239.77631752976,Bachelor,Chennai,77.88267033093129,6,9.291321724520987,1
150,38,Male,17128.770872114208,Bachelor,Delhi,711.4311083631175,2,9.45165309453614,1
151,38,Female,41227.87279493765,Master,Mumbai,347.19350675156346,6,4.5024825492830605,0
152,39,Female,45882.84531988093,Bachelor,Mumbai,1213.9897681780024,4,6.442024914126228,1
153,26,Female,62498.20794726596,High School,Bangalore,79.27198310638528,3,8.243648359523265,0
154,37,Female,38138.95869995585,High School,Kolkata,519.1273472827269,4,8.466582680307273,0
155,38,Female,42362.77340154131,Master,Delhi,132.55546154023114,2,6.482257904269168,0
156,26,Female,29857.033412925066,Bachelor,Delhi,85.25208616449736,6,7.041750805419521,0
157,57,Female,41546.28851835895,Master,Delhi,575.104522690906,8,6.603928408432286,1
158,40,Female,30589.248263240057,High School,Bangalore,450.3128113388318,5,7.66562707041918,0
159,20,Male,49552.398534218344,Bachelor,Delhi,702.8965323619332,6,9.29576779719287,0
160,42,Female,30187.85082858306,High School,Kolkata,185.1425549203286,5,6.343436764288193,1
161,23,Female,43850.88574170658,PhD,Bangalore,297.0779434447734,5,9.00123074665262,0
162,44,Female,35788.02406708105,Bachelor,Bangalore,259.9934605720818,6,6.327491891479669,1
163,48,Male,63769.17010751546,Master,Mumbai,2070.3868727959166,4,6.228559181254674,0
164,25,Female,35394.19625937606,High School,Kolkata,172.83144046938887,4,8.72789192751482,0
165,46,Male,14965.214683589935,Bachelor,Mumbai,174.64913668912496,5,8.882904567011424,1
166,39,Female,68251.91357321876,Bachelor,Mumbai,218.9023779797281,5,8.777114905143982,0
167,44,Male,23089.513896430166,Bachelor,Chennai,415.73826827245944,4,5.526303887672788,1
168,57,Female,26189.578165619907,Master,Bangalore,145.39193520438394,4,6.801073532891924,0
169,32,Other,26961.611931372772,Master,Delhi,1234.2604583586722,7,8.734482888004981,1
170,25,Male,72201.71272737854,Master,Delhi,154.40897817890547,5,7.562312760845842,0
171,24,Other,12483.498023708251,Master,Chennai,1130.7970678633342,4,5.889460730703804,0
172,25,Male,174359.45259374555,High School,Mumbai,54.61458554704887,3,8.187476908688163,1
173,34,Female,61576.05796267822,High School,Chennai,534.3753618595588,9,6.427789111512794,0
174,39,Female,40603.902313400606,PhD,Bangalore,1187.5000411167528,6,10.0,1
175,38,Female,35332.30568766807,High School,Delhi,92.41200570057447,6,9.817262193627387,1
176,44,Female,41888.93699138955,Master,Bangalore,1726.1447181381307,4,8.406146139533352,1
177,35,Female,47125.10788995324,Master,Delhi,301.54663210966595,7,9.54151005715466,1
178,52,Male,50141.67577011705,Bachelor,Chennai,1456.7546654622104,6,7.597187025185072,0
179,31,Male,47944.63722140397,PhD,Bangalore,564.7729852201779,6,8.648156241562523,0
180,67,Female,37979.06404233878,Bachelor,Delhi,179.47223716893296,2,9.716580442953113,0
181,42,Female,32903.384040782104,Bachelor,Bangalore,104.31378793646341,6,7.868248022691469,0
182,24,Female,33670.028485442264,High School,Kolkata,181.01250518858566,4,7.1172192427285745,0
183,22,Female,32943.38825391969,Bachelor,Delhi,48.81601169356458,7,4.943067062734326,0
184,40,Male,64015.7898573593,High School,Kolkata,77.66533490445192,8,7.375299711417759,0
185,32,Female,48863.12793793875,Bachelor,Delhi,55.276118199464854,6,8.735134776843466,0
186,43,Male,8348.237207372018,Master,Mumbai,274.90758639589563,3,8.918450141351444,0
187,40,Female,50410.27933207131,Master,Mumbai,793.7853174723499,4,8.256547598577615,1
188,34,Male,40029.34532962537,High School,Delhi,76.21648459481406,5,6.68805135755664,0
189,24,Male,35977.37766709203,Bachelor,Mumbai,69.81522458447776,3,4.534767646578614,0
190,18,Male,29903.79796208793,Master,Mumbai,515.6108794468862,5,6.757177352992898,1
191,29,Male,63707.42265659603,High School,Kolkata,109.81423196946427,8,7.043482693419073,0
192,45,Female,58323.666365817546,High School,Chennai,51.35426104560244,8,7.030606549214979,1
193,37,Male,24675.377574471007,High School,Chennai,91.26993723510874,5,,0
194,20,Male,44512.53632115697,Bachelor,Mumbai,1286.7469523768364,5,10.0,0
195,37,Male,22340.83910853016,High School,Mumbai,861.5028209282701,8,7.685293802761639,0
196,39,Male,18218.464971209152,PhD,Mumbai,218.5278609600971,5,7.174902316265308,1
197,24,Male,26546.186659356186,Bachelor,Chennai,533.296366042089,4,7.111167280493861,0
198,36,Male,55893.12902930243,Bachelor,Kolkata,385.31190485584824,3,7.686577150361572,1
199,35,Female,58487.16004318802,High School,Delhi,565.2438732231034,7,6.257559359477401,0
200,21,Female,46936.11543655631,Bachelor,Mumbai,573.9083344354256,4,7.680297838119083,0
201,39,Female,52184.870433669304,Bachelor,Bangalore,495.4182663573485,4,8.1762185044977,0
202,41,Female,47008.755170024524,Master,Delhi,154.69218208957864,5,7.814529095361732,0
203,47,Male,26350.939352584173,Master,Delhi,19.893775684521582,3,8.186312901007172,0
204,47,Female,45069.511292967734,Bachelor,Bangalore,304.0049962070329,5,8.150621414022803,1
205,18,Female,54187.45822638159,Master,Chennai,1108.0839177282746,4,4.842154976630335,0
206,23,Female,52952.240567202825,Master,Mumbai,421.4007935006194,6,8.455305237593105,0
207,41,Male,65805.36742119658,Master,Mumbai,893.0608209483182,5,6.49347773150632,0
208,41,Male,51748.56201545249,High School,Kolkata,2391.212875978783,5,5.856241255494063,1
209,41,Male,43292.04174890946,High School,Mumbai,89.33384264307671,2,5.843322258217506,1
210,80,Male,62011.49928438872,High School,Mumbai,588.4669028259933,5,,1
211,41,Female,35837.11511390537,Bachelor,Mumbai,560.8794180804346,3,,1
212,48,Female,23366.593997183994,Bachelor,Mumbai,1954.8989254179048,3,4.977046824021884,1
213,46,Female,33472.06596010614,Bachelor,Delhi,2120.2890213218056,5,8.217056722788426,1
214,42,Female,25022.949871150377,Master,Chennai,580.2629078183483,4,5.34058780380176,1
215,31,Female,25910.688929025804,Master,Delhi,139.602249078049,3,7.709732037777316,0
216,44,Female,33783.934730336616,Master,Delhi,801.1215241543879,4,7.857748388509581,0
217,25,Other,24435.445449119707,Bachelor,Chennai,56.60066186709765,2,8.828365622542567,0
218,32,Male,31132.863212081713,Bachelor,Bangalore,758.6557253056694,6,10.0,0
219,29,Male,14089.606353871024,High School,Kolkata,1205.0635718165954,7,5.452985511149188,0
220,35,Male,40402.496382508594,High School,Kolkata,241.30813342018138,3,7.421289215905426,0
221,62,Female,36337.39799402118,High School,Mumbai,497.98538128439066,5,7.085497057433674,1
222,18,Female,24135.90113014395,Bachelor,Chennai,281.18467834903515,4,8.150624528941444,0
223,43,Male,50494.658339642134,Bachelor,Bangalore,287.917732412566,6,7.823503156400428,1
224,18,Female,58034.043185455135,Master,Kolkata,185.80067317664358,6,6.971180635895069,1
225,29,Male,16256.044174720852,High School,Bangalore,718.0146887064508,2,6.838646717083717,1
226,48,Female,24800.959246933766,Master,Kolkata,1375.8174116340876,2,5.825323717223928,1
227,35,Male,24721.505828440575,Bachelor,Chennai,1413.0020004597473,5,8.981792373609764,1
228,22,Male,22698.371242092537,High School,Mumbai,96.0534092700986,2,8.188806272399294,0
229,26,Female,54980.696009785606,Bachelor,Bangalore,1038.6964194788252,7,8.876652296692706,0
230,43,Male,32961.21778210899,High School,Kolkata,668.6215277675606,4,7.034405795286729,0
231,26,Male,31816.572453167166,Bachelor,Kolkata,145.7362238886478,5,6.514746796958354,1
232,37,Male,13333.951659252278,Bachelor,Mumbai,34.82758801762422,7,5.8825274000561585,1
233,35,Female,49896.643507804896,High School,Chennai,155.9855156316425,5,8.038376375610989,1
234,27,Female,19542.967901492866,High School,Delhi,1216.393797871606,7,,0
235,60,Male,37420.21386732737,Bachelor,Mumbai,501.4402010278992,1,10.0,0
236,42,Female,41718.020844488296,None,Delhi,638.3697167758628,3,5.538536128359839,0
237,18,Female,71705.9708030716,Bachelor,Mumbai,148.63215194438416,4,7.910490178818753,0
238,37,Male,18874.92877198513,Master,Chennai,635.3914505692121,9,9.85028206082068,0
239,27,Male,8024.413988480515,Bachelor,Delhi,14.262244397212923,4,8.398634638895713,0
240,45,Male,39812.04455008661,Master,Chennai,235.25895735232834,5,7.763510568737669,1
241,25,Male,89344.55608534769,Master,Mumbai,492.7579069577103,6,6.047274529557157,0
242,33,Female,67472.3508879268,Bachelor,Delhi,78.96858299565791,6,5.427346217148444,0
243,41,Male,40329.145810366026,Bachelor,Mumbai,865.8128706138361,3,8.65507516337638,1
244,45,Female,28401.06453813583,Master,Mumbai,133.96017973610634,3,9.75922086116242,0
245,20,Female,54369.645953428044,Bachelor,Mumbai,528.1804605527639,5,6.841725014282742,0
246,30,Male,22319.742956604314,Bachelor,Mumbai,259.76263019923965,7,5.791407738575473,0
247,29,Female,46082.05472113713,High School,Bangalore,453.2241582208916,6,3.8127458541764723,0
248,27,Male,46757.7398631376,Master,Delhi,56.836681823067394,6,6.028852734506193,0
249,56,Other,61704.05652925726,Master,Delhi,8.528727326465901,4,7.32951473625144,0
250,39,Female,144326.01598322444,High School,Delhi,1201.5587932777432,7,9.898684861255102,0
251,19,Female,44187.97550205665,Bachelor,Kolkata,157.10201796655758,4,8.509700538349453,0
252,46,Female,28156.068487250945,Bachelor,Kolkata,856.5028035793865,8,7.957628107060129,0
253,60,Male,35854.08705681653,High School,Bangalore,3669.5002834376664,5,6.899820508048304,1
254,47,Female,14994.84939655942,PhD,Delhi,118.767847827395,5,6.625251424116065,0
255,18,Other,25658.84009891084,High School,Mumbai,154.05855384253812,4,9.608471396261946,1
256,29,Female,29594.94299471706,High School,Kolkata,543.6281873638287,5,7.801107811137584,0
257,50,Female,27943.944518529526,Bachelor,Mumbai,1682.654105015206,2,4.346098962118467,0
258,26,Female,39190.0213516264,Master,Delhi,1237.3653891602307,3,6.489690528154136,1
259,40,Male,24071.64892445252,High School,Delhi,349.4574108006709,7,,0
260,44,Male,63609.32344696278,Bachelor,Delhi,792.6417040715162,5,6.680603986233803,0
261,23,Female,36319.262702181004,Bachelor,Mumbai,72.9442009637046,6,8.344365990427628,0
262,34,Male,36147.0217908388,High School,Chennai,1895.7481840902071,7,7.338832677308626,0
263,18,Female,30824.11575782431,High School,Mumbai,1667.0484262668804,2,7.384701889494507,1
264,22,Female,39245.62852817279,Bachelor,Bangalore,89.40125268997048,7,9.470209741987855,1
265,31,Male,54860.51392223151,High School,Mumbai,177.92558795233623,5,6.455308365319968,0
266,20,Male,23539.494162149742,Master,Mumbai,52.76637497063112,5,10.0,0
267,54,Female,26132.675769236695,Master,Kolkata,158.53319620153945,7,6.493038612943371,0
268,18,Male,31198.864709255427,PhD,Mumbai,846.2896376585956,6,7.633797294918857,1
269,29,Female,18528.484659737165,High School,Chennai,237.66136101778162,5,7.078194606895849,1
270,36,Male,24109.737177455412,PhD,Bangalore,46.275327329987704,0,7.6851287002514415,1
271,52,Female,28620.815971186752,Bachelor,Mumbai,209.44657461582463,7,8.166887992609693,0
272,18,Male,56229.375235883446,Bachelor,Kolkata,1991.8490454528396,5,8.150752860133315,1
273,48,Female,41410.12373166436,High School,Mumbai,496.69874541322827,5,6.37032400406913,0
274,35,Female,40006.40941696096,High School,Kolkata,269.0649636489565,6,5.815627983828644,0
275,23,Female,55572.790507054604,Bachelor,Mumbai,91.08389240709778,8,10.0,1
276,40,Male,33904.875592013654,Bachelor,Kolkata,2140.703371231012,4,6.774023490599171,0
277,37,Female,44144.88856177235,High School,Mumbai,859.7631525189313,6,8.54881865800798,1
278,27,Female,34488.77278495661,Bachelor,Bangalore,165.27899188770252,4,5.088538034215205,0
279,35,Male,41468.15966275681,High School,Chennai,36.32228096498012,1,7.080580920142985,1
280,30,Male,27136.112142535323,Bachelor,Kolkata,29.145999605392195,3,7.309200924026336,0
281,36,Male,10727.77467038454,Bachelor,Kolkata,64.13158960559025,4,8.20922260489175,0
282,42,Female,33957.343701125166,Master,Chennai,434.6661025577768,5,3.4163187885120916,0
283,54,Female,73966.98086274795,Master,Kolkata,1320.8744226866015,4,7.749210919617496,0
284,20,Female,57705.49610738389,Bachelor,Mumbai,343.32757772182475,5,5.775387816948161,0
285,60,Male,58847.15347122597,Bachelor,Delhi,925.5811442038331,2,7.986518566792386,0
286,18,Male,67377.42909389822,Bachelor,Delhi,295.1929779407672,2,5.945506204742756,0
287,33,Female,37961.539034248366,Master,Delhi,616.5009603393447,5,6.216775956111628,0
288,42,Female,,Bachelor,Delhi,658.1467751553793,5,7.0895585844100975,0
289,38,Other,26666.784728125782,High School,Bangalore,95.55828342106923,5,5.921505795595207,0
290,27,Male,31006.85450179287,High School,Mumbai,224.09450112157185,6,6.786698329896968,1
291,32,Female,49408.88646163968,Bachelor,Chennai,507.0925892504657,4,5.709936347185027,1
292,29,Male,66299.80391210312,Bachelor,Mumbai,36.660007282356176,9,4.750244322451909,0
293,27,Male,33869.72620780265,Master,Delhi,224.34827319387614,7,9.02693557864404,0
294,45,Female,28995.773807537906,High School,Bangalore,382.6433555246808,2,5.555926960764108,1
295,39,Female,36325.090485317734,Bachelor,Chennai,2789.6103062433367,3,7.231978668588025,0
296,26,Other,49050.38796108922,None,Chennai,321.73447934139034,4,8.629336622240677,0
297,45,Male,17642.615542138417,Master,Bangalore,846.5640157676817,6,6.577583846225935,0
298,38,Male,11520.8016952652,Bachelor,Mumbai,282.87616345110405,7,6.262251150381693,0
299,44,Female,27576.840172376556,Bachelor,Bangalore,795.7762143215298,4,7.8393571330011325,0
300,42,Female,19725.032375238057,Bachelor,Mumbai,452.4464691297593,5,9.176900734090728,0
301,25,Male,28167.66312235261,Master,Delhi,1088.396845052435,5,5.746027102370297,0
302,28,Male,33728.883978287995,High School,Delhi,264.6157829381812,3,7.274778251973841,0
303,43,Male,28951.456583150673,Master,Mumbai,463.5550501401643,3,4.901258107549009,0
304,42,Female,75074.3148974929,Bachelor,Delhi,497.1513813887149,7,6.910198494476715,0
305,34,Male,42760.599378055544,None,Kolkata,270.1125777246215,3,7.551307026807113,0
306,36,Male,,High School,Kolkata,77.92475315912574,8,6.2180630373674015,0
307,50,Male,49568.14021840978,Bachelor,Delhi,49.11489265562232,8,6.814512249262153,1
308,27,Male,20549.326406396427,Bachelor,Mumbai,8.406042520103338,5,5.387659847538825,0
309,41,Male,61056.55798736092,High School,Mumbai,1033.8919355516334,5,7.615617917072241,0
310,32,Female,34965.52505916209,Bachelor,Delhi,134.90464798743778,3,9.083541373324724,0
311,32,Male,50779.10898953633,PhD,Kolkata,118.81571613140781,3,5.854284195344304,0
312,48,Female,21249.13321163503,Bachelor,Mumbai,665.9701386750012,6,6.565992350171426,0
313,44,Male,16699.275546118966,Master,Chennai,192.8430884047426,5,8.253819369681272,0
314,44,Female,54663.13590848659,High School,Mumbai,352.65511817810955,4,9.318136078984104,1
315,50,Female,43835.74077506709,Bachelor,Kolkata,88.67361383283445,6,5.2602152816866035,0
316,35,Female,23132.04634600626,High School,Delhi,1606.269490842701,3,7.246822893876076,1
317,43,Female,23509.701844039555,Bachelor,Chennai,953.8593096458949,12,7.924696233479287,0
318,31,Male,63749.54923724649,Master,Delhi,996.7773492423739,1,7.346915414056728,1
319,38,Male,20036.162674724168,Bachelor,Bangalore,261.08970788653374,6,3.784811899684369,1
320,33,Female,82564.61489551932,High School,Mumbai,718.5017314214949,1,8.251635013963158,1
321,36,Other,23148.601160957143,Bachelor,Mumbai,77.67011751116064,6,9.779004526635966,0
322,42,Female,49970.89239551141,Bachelor,Kolkata,4.328180505526969,1,7.674992626754255,0
323,25,Female,30812.963156658887,Bachelor,Kolkata,10.08754394030048,4,5.953340920058605,1
324,60,Female,49098.98863676147,Master,Kolkata,441.6719172317863,3,6.730309130453575,1
325,22,Female,27665.54344582745,Master,Bangalore,303.8471718756196,3,10.0,1
326,20,Male,33476.65291594715,Bachelor,Chennai,364.9215048235608,5,8.864943811290837,0
327,48,Female,37066.15572721801,Bachelor,Mumbai,3.745564495861902,5,8.460039927576494,1
328,44,Other,22002.388004508204,High School,Delhi,274.6850198663241,5,8.034618875301565,0
329,42,Male,52596.884803823414,High School,Delhi,633.0449718228756,9,6.508294331713541,0
330,42,Female,,Bachelor,Bangalore,292.3201417484717,3,7.1991432290163475,0
331,34,Male,32393.078173289225,Bachelor,Delhi,658.7932835813201,3,7.383115896482226,0
332,24,Female,22088.785443050874,Bachelor,Mumbai,132.64660167008057,6,8.324361474096666,1
333,35,Male,10085.289647517868,Bachelor,Bangalore,838.7031664297618,6,9.763378341400355,0
334,26,Female,33007.36900493151,High School,Chennai,443.8895889677393,3,9.177507205189691,0
335,46,Female,121334.65015363599,Bachelor,Delhi,118.34437449777988,7,5.370923466305939,0
336,33,Male,53760.923000029834,High School,Mumbai,135.06548298580014,4,7.835992453351573,0
337,25,Female,35967.45605571278,High School,Mumbai,494.4716610333097,1,8.605145017751845,0
338,31,Female,,Master,Mumbai,885.8007855018075,7,8.428290495216952,0
339,39,Female,36725.73250079587,High School,Delhi,268.6085698210601,7,6.556149354918871,0
340,28,Male,47741.65458702091,Bachelor,Bangalore,149.40550440639475,2,10.0,1
341,25,Male,20122.49439342333,High School,Bangalore,1008.746712286573,5,5.584373156503322,1
342,37,Male,63396.30432575537,Master,Chennai,553.2238906868931,6,5.875217330000925,0
343,37,Other,51932.01081434566,Bachelor,Delhi,297.18105648240646,9,7.8503926218923645,0
344,28,Female,52004.88122418609,High School,Chennai,334.61787092205645,3,10.0,0
345,29,Female,45217.42812110703,Bachelor,Mumbai,114.23917047700013,4,6.2457077239437435,1
346,37,Female,36673.44962779902,Master,Bangalore,492.823928683616,10,7.101257451529512,0
347,18,Female,50839.58782552303,PhD,Chennai,222.16210155004066,4,9.11594050952354,0
348,18,Female,48820.57231649145,High School,Mumbai,2718.2356188317212,4,7.473206767668399,0
349,26,Male,30423.774708722583,Master,Mumbai,327.1397218303109,4,6.998094218204557,1
350,32,Female,27260.638117754574,Master,Kolkata,332.6547411187799,7,8.34844935283008,0
351,38,Male,38212.88905994717,Master,Delhi,417.18464975939446,8,7.90877698534439,0
352,52,Female,78787.53481827043,Bachelor,Chennai,1242.9896311280481,6,9.045658178455188,1
353,45,Female,19544.446570559958,Bachelor,Mumbai,806.7684003548296,6,9.437203333598045,0
354,33,Female,17435.041983775143,Bachelor,Chennai,299.9468934252184,3,7.960504590008043,1
355,34,Male,39433.87196952638,Master,Delhi,634.1654770395613,5,7.937599088067463,0
356,22,Male,37251.36438521787,Bachelor,Mumbai,441.22915232051014,6,7.821166473429201,1
357,34,Male,39603.422971658285,Bachelor,Bangalore,338.99831468633226,2,8.23369583497393,0
358,31,Male,41026.62802721147,Bachelor,Mumbai,106.79205237388774,8,7.582755956807196,1
359,38,Male,32480.61967256996,Master,Delhi,311.75110675799357,5,7.4990872765165655,0
360,25,Female,76491.25651041286,Master,Mumbai,141.06116957404365,4,9.294940681240863,1
361,41,Female,16310.233481713545,High School,Mumbai,1231.6243420641001,4,,0
362,53,Male,23998.61711855743,Master,Delhi,204.29008756999795,2,5.238670583049869,0
363,33,Male,34488.20360045748,Bachelor,Mumbai,1521.034876607742,5,7.515031727610854,1
364,39,Male,15969.015531170291,Master,Kolkata,380.77221126473876,5,6.466958349832148,0
365,43,Female,33258.73764188864,Bachelor,Mumbai,499.2175026026282,4,7.033542800270892,0
366,30,Female,83344.26527429261,Bachelor,Bangalore,391.4707890872706,2,8.103774314602981,0
367,37,Female,36696.74155552581,Master,Mumbai,69.27519305881899,4,8.504157557313702,1
368,35,Female,40755.678263835056,High School,Delhi,235.65922182409702,4,7.331810334582983,0
369,36,Other,19339.74564985282,Master,Kolkata,52.20610065703521,1,4.629989497915796,1
370,25,Female,26683.99685531361,Bachelor,Mumbai,487.6941001226755,8,6.0524316291357305,0
371,35,Male,30103.653130607858,Bachelor,Kolkata,296.0849041080727,4,8.84474950530025,0
372,40,Female,30981.404592268907,Bachelor,Mumbai,752.5051018873462,10,3.389360366947603,0
373,52,Male,68928.28515474877,Bachelor,Chennai,124.53236102681322,6,9.281140727522999,0
374,46,Female,47994.68383709488,Bachelor,Bangalore,89.90199930991673,3,8.281844985966812,0
375,60,Male,20832.530733691667,High School,Kolkata,260.7177137396339,6,9.474264122295033,0
376,25,Female,41079.00280223115,High School,Bangalore,1305.8161122364977,4,7.20214621967856,0
377,45,Female,46588.586920525326,High School,Bangalore,619.6649746947053,3,4.407891863965642,1
378,37,Female,64220.29230551718,PhD,Mumbai,271.4365380121185,2,8.145543962259747,0
379,61,Female,80039.0839143473,PhD,Mumbai,364.1511413053084,3,9.411979686057512,0
380,25,Male,21860.855668638334,Bachelor,Kolkata,43.985743151970524,5,8.887082708270132,0
381,24,Male,24211.2152384415,Master,Delhi,2085.9119113914257,3,6.505962774767947,0
382,27,Male,19364.776889254983,Bachelor,Delhi,548.9172526523907,4,7.63014161319397,0
383,18,Male,32305.412681380196,Bachelor,Chennai,168.0190133763775,3,6.700745596830115,0
384,28,Female,45852.233386735956,Master,Delhi,440.7132981589317,6,6.271100303715943,1
385,25,Male,59496.17229539499,Master,Kolkata,57.976187083867686,5,8.933082856769776,0
386,36,Other,,Bachelor,Chennai,1688.3011987369368,5,5.703701533102257,0
387,39,Female,30948.389411949585,Master,Bangalore,96.05565292785413,4,6.159275354127581,0
388,57,Female,39178.327230950345,High School,Kolkata,522.1051189660951,4,5.8439615497914215,0
389,46,Male,23919.003540356316,PhD,Mumbai,140.81982405382993,6,5.26462871505143,0
390,28,Female,103235.63376454289,High School,Delhi,632.147017858399,4,7.719621437763905,0
391,24,Female,16255.221942456856,Bachelor,Bangalore,749.8913922103935,6,9.242254572722963,0
392,40,Female,39829.78544720848,Bachelor,Mumbai,559.5397536125653,4,7.222684865632101,0
393,19,Female,99887.82742497936,Bachelor,Chennai,476.6063429317505,5,5.24137829915375,1
394,56,Female,36439.18269298417,High School,Kolkata,1114.9884873066317,5,8.759916809613042,0
395,49,Male,33023.69068737097,Master,Delhi,40.945008235241396,4,10.0,0
396,29,Female,30372.026674574892,High School,Delhi,200.92191077925955,5,6.530636513780109,0
397,18,Male,33183.37110576275,Bachelor,Kolkata,142.70065743282433,3,6.7821685999234225,0
398,51,Male,72144.34893809818,High School,Delhi,2212.006406021946,4,8.273490945125092,0
399,33,Male,12016.897272200658,Bachelor,Bangalore,246.64823032037796,6,9.932810621677577,0
400,49,Male,78175.91217640352,Bachelor,Delhi,659.5285534958936,6,6.7202487814121605,1
401,18,Male,17819.01498663192,Bachelor,Kolkata,577.1552624718473,1,5.501325328502692,0
402,27,Male,31782.58684765967,High School,Bangalore,119.18014384206751,3,8.447127909408609,0
403,35,Other,29301.025366914622,High School,Chennai,136.55943639142603,4,8.698602109713448,0
404,35,Female,48741.038548662895,Bachelor,Chennai,165.14488822423738,6,7.50919717565284,0
405,29,Other,16332.917420642214,Master,Delhi,264.772605401502,4,6.662800110513824,0
406,42,Male,45756.37169559,Master,Delhi,133.49878350048962,3,8.99156809648807,0
407,22,Male,99922.96435502055,High School,Chennai,9.923570344335413,14,8.292054006821946,0
408,33,Female,18368.87614849181,Bachelor,Delhi,1057.6092121333104,5,6.347346724644761,0
409,36,Male,39928.79747616273,High School,Chennai,1684.992275703082,4,7.573642096958507,0
410,41,Male,26082.21415717782,High School,Kolkata,208.9488267305845,5,5.47243870196303,1
411,43,Female,44933.71141766314,Bachelor,Bangalore,206.62784760868445,5,8.52883568465688,0
412,21,Male,36664.852906913904,Bachelor,Chennai,3.558539602992268,7,7.1066496459257165,0
413,18,Female,26350.869340585014,High School,Chennai,570.1089956198645,7,6.846433751422894,1
414,50,Female,46348.12617419347,High School,Chennai,872.7430798369211,7,7.450688272271349,1
415,38,Male,89516.12493383796,High School,Delhi,79.26831725002745,2,7.560461548995372,1
416,26,Male,33009.415044516536,Master,Mumbai,86.97813143735782,5,8.84239509234834,0
417,53,Female,52045.77876164208,PhD,Delhi,780.5221276493058,3,8.386635796987832,1
418,36,Female,19022.228988634426,High School,Chennai,478.9350851774626,7,7.265386081810796,0
419,49,Male,22511.50546714733,None,Bangalore,22.948968102495336,2,8.645502224578493,0
420,35,Other,45991.09818101338,Master,Chennai,487.1545980434359,6,8.10110588053742,0
421,59,Male,76271.75873857408,Master,Delhi,184.74819630602883,4,6.860100545570944,1
422,56,Female,43382.294429394686,Bachelor,Bangalore,230.0069707485566,8,7.312922762645271,0
423,32,Other,31053.6298757069,High School,Mumbai,734.254452404648,5,7.277665666735319,0
424,46,Male,36302.63846913611,High School,Chennai,832.8327133928746,1,8.257892014761303,0
425,42,Male,19434.325417587123,Bachelor,Bangalore,255.71008927252208,2,6.949466077917537,0
426,51,Male,,Bachelor,Mumbai,1470.176560891229,3,6.9143862203675495,1
427,23,Male,56453.15911980477,High School,Delhi,260.827624819199,6,10.0,0
428,43,Male,28968.22543385026,Bachelor,Chennai,738.8453823800264,8,8.909603222620657,0
429,47,Female,28709.372779629044,High School,Bangalore,330.70534120651934,4,6.359099003362291,1
430,18,Male,41478.85734471536,Master,Mumbai,1139.103955424943,3,8.356411490913297,0
431,20,Female,29191.712572995966,Bachelor,Kolkata,1191.687442938261,6,7.677525098482766,0
432,18,Other,35134.31940864276,High School,Chennai,45.73801411241316,6,8.087326762890141,1
433,31,Female,103762.60187614433,Bachelor,Kolkata,1378.3051799304849,8,7.706011986847657,1
434,43,Female,32096.01472774531,Bachelor,Delhi,873.015111074391,6,9.284463968227854,1
435,53,Male,30358.442343647526,PhD,Bangalore,783.4544022810766,6,8.018430516977169,0
436,35,Female,26271.214083043356,Bachelor,Kolkata,112.14168763685142,5,7.406866952678569,0
437,54,Female,52685.52272821858,High School,Bangalore,817.683617150949,4,9.063285865474526,0
438,18,Male,33169.56154358945,Master,Chennai,949.0026372696992,5,7.849927561631808,0
439,18,Male,26247.170738994115,High School,Delhi,170.6471561997259,5,7.682217868993587,0
440,34,Female,70308.78371384369,Master,Delhi,1520.9936497561712,6,7.971033903729171,0
441,39,Male,73850.75432970749,Bachelor,Mumbai,25.57304545292274,11,7.35958646495045,1
442,34,Male,26897.489043644066,Bachelor,Mumbai,81.20608715529733,8,7.513840489493203,0
443,18,Male,14281.639272807928,High School,Mumbai,385.6420855224157,7,6.619958116857191,0
444,33,Male,60099.50263820726,Bachelor,Mumbai,428.76624429697233,7,6.373249170564182,0
445,19,Female,25788.529708740753,Master,Kolkata,518.0301743803973,4,6.00214442027634,0
446,43,Female,53923.02251613224,Master,Mumbai,8.557377382997188,8,5.412025069804386,1
447,39,Female,13560.929293891611,High School,Chennai,1614.0437439062418,6,6.180423957923165,0
448,23,Male,56743.629251107406,None,Chennai,22.80635749144228,2,7.238599448299611,0
449,28,Male,19819.350459210604,Master,Bangalore,77.19482661154764,4,7.6546763736684555,0
450,22,Female,52332.98081043249,Master,Mumbai,7.056824072577171,0,7.093055155278539,0
451,34,Male,36575.596471056924,High School,Chennai,418.3453302603049,6,,0
452,46,Male,22539.628154103542,Bachelor,Bangalore,1346.0900297228663,0,9.861879536643514,1
453,23,Female,,Bachelor,Chennai,548.2280565637972,7,9.129720184335573,0
454,41,Male,51182.8210561166,Master,Chennai,864.8361050912512,9,8.168639776825692,0
455,28,Female,38290.12184227738,High School,Kolkata,6.685093697652343,7,10.0,0
456,25,Male,48640.24191632048,High School,Bangalore,390.4597491099998,2,6.033953823774434,1
457,33,Male,97559.75023968435,Master,Delhi,307.68858290776063,4,10.0,1
458,22,Male,16611.97656702684,High School,Bangalore,345.54259817645175,8,6.052178884874178,0
459,28,Other,81520.21354906939,Bachelor,Mumbai,37.476649081804894,5,7.858106887937035,0
460,20,Female,38260.67819387003,Bachelor,Kolkata,576.6958701168254,5,5.5892440122986935,1
461,58,Other,23169.86928477507,Bachelor,Mumbai,349.80442095890675,6,7.52204114331655,1
462,35,Female,18673.173247243743,Bachelor,Delhi,724.40168459389,2,8.079249746997583,1
463,26,Male,33038.86268288088,Bachelor,Chennai,332.07643780046465,4,7.267964503298168,1
464,37,Female,57573.92515809579,High School,Bangalore,80.89585359779548,7,8.570816166135206,0
465,33,Female,34071.80334407676,Bachelor,Delhi,522.4271765635617,3,7.648521674230886,0
466,32,Female,77309.91285692474,Master,Bangalore,94.60442719912356,6,6.716377907433736,1
467,42,Male,17578.153910998597,Master,Kolkata,1029.4061510209551,2,6.649780023296491,1
468,44,Female,36096.656636222215,High School,Delhi,474.8154952106525,8,8.716370658923545,0
469,28,Male,19415.039521751492,High School,Kolkata,85.51510249253342,10,6.519386955289549,0
470,28,Male,43556.5747620838,High School,Mumbai,1639.5525883293412,5,8.873104455727406,1
471,31,Female,,Bachelor,Chennai,365.2848376075648,4,9.334067689247897,0
472,18,Female,29425.56411299437,Bachelor,Chennai,37.846087254683,4,4.996929206480805,1
473,18,Male,9876.298469292213,Bachelor,Mumbai,492.8644911053797,8,9.199389580951552,0
474,51,Male,40113.73500186464,High School,Delhi,145.97820187743073,9,10.0,0
475,54,Female,45178.169607544914,High School,Mumbai,814.0389102622788,7,7.8780056418028925,0
476,32,Female,44451.206235516016,Bachelor,Chennai,851.3857258470942,7,8.398626277942233,0
477,41,Female,67365.6885897631,Bachelor,Bangalore,1930.364557068606,3,9.055507986553739,0
478,38,Other,21257.672333455397,High School,Bangalore,348.4466251876125,8,7.086776527231467,0
479,71,Female,51026.89127908224,Bachelor,Mumbai,303.44518384153827,7,7.773420335306804,1
480,48,Male,65923.73062749956,High School,Mumbai,700.1471633450079,2,5.5287007055653365,1
481,33,Female,14923.70560694123,Master,Mumbai,71.0529710953729,5,7.7079525427956765,0
482,23,Male,42609.21881525725,Master,Delhi,395.83833356041544,7,8.247167993466812,0
483,18,Male,28223.4955199732,High School,Bangalore,395.1018022246207,6,8.274244534389704,0
484,37,Female,34864.99734308022,High School,Kolkata,46.86593054813526,1,9.09813708539637,0
485,25,Male,43210.47586757453,Bachelor,Chennai,270.6287435673569,3,6.337796732796706,0
486,18,Female,28463.72412931935,High School,Delhi,959.6309883097615,4,6.701089864989755,0
487,27,Female,25903.826042318145,Bachelor,Kolkata,969.5046841351823,4,10.0,0
488,22,Female,36940.958789802076,Master,Chennai,52.25691760738074,3,7.274507439354435,0
489,55,Female,21086.262278402057,Bachelor,Kolkata,47.551586127240085,7,7.800050680968492,0
490,45,Female,21101.24738643749,Master,Bangalore,152.37713973150593,9,7.3994849374121685,1
491,34,Female,51005.39250343032,Bachelor,Delhi,1038.7858955925901,4,6.267478760542467,0
492,52,Female,20447.235775258716,High School,Mumbai,69.00073287920482,3,9.93529381633771,1
493,35,Male,50673.39257063061,Master,Chennai,636.477128345197,4,6.708447882119091,1
494,24,Female,45765.950119091984,Bachelor,Mumbai,53.32824398536797,4,5.809071714439606,1
495,53,Male,15322.79144047279,Bachelor,Delhi,487.9379091062655,6,6.823889584045872,1
496,41,Female,25879.79102546837,High School,Bangalore,220.0805300381365,3,4.4974409974117,0
497,22,Female,65976.55307981858,High School,Bangalore,777.7447350806756,10,6.523068802525227,0
498,32,Female,22234.87396093427,PhD,Bangalore,133.0845385342647,5,6.04780710322151,0
499,24,Male,28790.417033053665,High School,Mumbai,509.71828058890424,5,8.426142946390987,1
500,18,Male,45753.81460746531,PhD,Delhi,134.3860227323681,3,6.489878640660192,1
501,46,Female,53728.30596915308,PhD,Bangalore,625.288175888835,2,8.831705903368272,1
502,57,Male,32023.66875523543,Master,Kolkata,1034.4606749735142,7,9.597725989603981,0
503,18,Male,26936.698777745965,Bachelor,Chennai,67.79635734592118,5,8.671763004431398,1
504,41,Male,73952.99227796464,Bachelor,Kolkata,1007.1854133244185,4,7.176917566709885,0
505,27,Other,86634.19100214836,Master,Chennai,450.17824742148576,6,7.711671745058389,0
506,29,Female,59244.54725973759,High School,Bangalore,67.97314785977164,5,5.2125225897839105,1
507,27,Male,37898.20662246607,Bachelor,Mumbai,278.90782801250873,4,7.29933094121814,0
508,24,Male,24242.61076425581,Bachelor,Chennai,87.68903543235089,7,6.209342297899751,1
509,35,Male,23975.26125628107,Bachelor,Bangalore,602.5665533858866,4,8.541489571723949,0
510,25,Female,47157.91076308993,Bachelor,Bangalore,711.2056675187441,2,10.0,1
511,38,Female,44765.77208544866,Bachelor,Bangalore,55.91096187404582,3,8.249732453960714,0
512,34,Male,73188.91810448289,Bachelor,Bangalore,352.75145224803197,8,4.5132897765680005,1
513,32,Male,50273.081121678806,Master,Delhi,842.6873903771267,5,6.958154710628441,1
514,24,Male,17127.82904372576,High School,Bangalore,1375.7114851591202,6,7.683736388061682,1
515,28,Female,61449.673939009364,Master,Mumbai,360.27755154531167,2,7.631036137890396,0
516,44,Female,22047.834916866428,Bachelor,Chennai,1500.666198622234,3,6.40378031158687,1
517,41,Male,29971.864303264763,Master,Mumbai,383.6003145142411,3,7.867937613955403,0
518,23,Male,41154.97521313714,Bachelor,Mumbai,250.5948449274814,7,5.636248744620919,0
519,36,Male,98502.15892024178,Master,Delhi,942.6060119679296,5,6.082636915972399,0
520,44,Other,171950.04507536895,High School,Chennai,339.6050871559142,2,8.468696462405568,1
521,18,Male,49185.86328406634,Master,Delhi,319.23718661861517,2,5.976505153680261,0
522,41,Female,33136.8650929916,High School,Delhi,336.9787326945151,7,8.307317408238386,1
523,27,Female,47441.50816855026,Master,Bangalore,937.9565637224464,8,5.445804338015913,1
524,41,Male,56603.59131293434,PhD,Delhi,891.7216969812546,4,10.0,0
525,25,Male,30935.701590749846,High School,Kolkata,258.35477712548163,4,6.338595116393918,1
526,18,Male,89108.11421615879,High School,Kolkata,202.70744958722076,4,7.164500142294834,0
527,18,Female,40742.83926199188,Master,Bangalore,338.56607823883877,3,7.995919891635609,1
528,35,Female,46577.43822202917,High School,Delhi,425.219321770099,4,6.6519750712483585,0
529,38,Female,50663.55658204846,Master,Chennai,136.12567743746914,6,7.715108941606957,0
530,24,Female,44837.19436472937,High School,Mumbai,789.8305492988002,5,8.363035086780188,0
531,42,Male,,High School,Bangalore,333.23584391253394,5,8.940919848755229,0
532,18,Other,26672.101400094376,PhD,Delhi,203.26700090074038,3,8.687246153959435,0
533,34,Female,27469.98197797359,Bachelor,Kolkata,56.48413119340875,6,7.242284304295989,0
534,20,Male,20950.606682317226,Master,Mumbai,136.4592366140808,4,7.280052338934596,0
535,27,Other,45240.61911725809,Bachelor,Bangalore,1490.7290357822528,2,10.0,0
536,35,Female,53608.78601178259,Bachelor,Chennai,181.99343898886207,5,8.924833602373939,0
537,24,Female,45655.8228943002,Bachelor,Bangalore,92.47808579302948,7,6.11726451551968,1
538,30,Female,83888.7014627665,Bachelor,Mumbai,308.7164133438773,8,7.649982245648328,0
539,47,Female,36214.03357781343,Bachelor,Kolkata,183.42595080194485,0,6.9972852918327115,1
540,28,Female,50734.97671685505,Bachelor,Bangalore,17.89610872461834,5,7.296998649115335,0
541,45,Male,21039.345562633953,Bachelor,Bangalore,195.14926511490265,4,5.655757263437868,0
542,21,Male,29925.018503729236,High School,Mumbai,392.7503541189624,6,6.88211514842107,0
543,41,Female,51419.3005880146,Master,Bangalore,401.16011291850157,4,10.0,0
544,52,Male,55522.9126661968,High School,Delhi,220.46240986930334,7,8.368614451313254,0
545,18,Male,31351.47286094683,Bachelor,Mumbai,296.4724535213181,2,3.76325788777281,0
546,25,Male,35038.41724463074,High School,Mumbai,1683.6577294936737,3,9.32508523874692,1
547,41,Male,17001.606637476452,Bachelor,Chennai,236.8841350954555,3,9.134444284363742,1
548,32,Female,30378.348085230926,Master,Mumbai,149.35588039591536,5,6.9610720435403755,0
549,39,Female,56680.84385558669,High School,Mumbai,139.5045915051384,6,8.575895315674822,1
550,27,Male,48416.81782408624,High School,Bangalore,306.0275389584907,9,6.210901183774199,0
551,36,Male,46645.55234050085,High School,Chennai,712.5594856973817,6,,0
552,33,Male,37230.62087960109,Bachelor,Mumbai,115.32846823550449,7,9.74781954100478,0
553,49,Female,36443.98048352673,Master,Bangalore,617.7250744884366,2,7.092404940195437,1
554,38,Female,26103.884933563713,High School,Mumbai,10.688342646065477,2,4.695402507067513,1
555,39,Male,51503.97201081177,Master,Mumbai,271.4445862366748,8,7.405045165827995,1
556,30,Female,44823.43893924316,Bachelor,Mumbai,747.7535105010255,8,7.382117410628465,0
557,29,Female,46444.318572076496,Bachelor,Chennai,206.79876018768098,8,9.29755285406019,0
558,29,Female,27916.762076141964,Master,Mumbai,414.75511950762774,7,7.52150463326364,1
559,39,Female,12373.700107041524,Bachelor,Mumbai,114.69352121871297,6,6.8676265328395605,0
560,29,Male,62854.40857041476,Bachelor,Delhi,677.3889151840154,2,9.06758421784681,0
561,38,Female,28583.396091989947,High School,Chennai,26.84761640290534,7,7.681185348751665,0
562,59,Female,23590.80078974635,High School,Delhi,957.1081314024368,6,6.374965977651424,0
563,45,Female,51366.3956217598,High School,Delhi,110.44578597567231,5,9.232496340812427,0
564,31,Female,29851.598845225315,High School,Mumbai,1037.3186769794065,6,7.790492646775199,0
565,49,Female,61695.6183530001,Bachelor,Delhi,217.3408233689405,4,7.504388950019156,0
566,30,Female,49439.400922180634,Bachelor,Bangalore,641.298047170358,4,7.766862587117481,0
567,18,Male,51112.515176700945,Bachelor,Bangalore,192.26193066188233,4,5.893997442875104,0
568,22,Female,18343.34549522487,High School,Delhi,1181.7606351034767,5,6.708519335732494,0
569,18,Other,66567.51619305198,High School,Delhi,67.70207286243114,4,7.505373902749175,0
570,30,Female,41382.99247465183,None,Mumbai,98.32371549431605,7,7.208004457462981,0
571,35,Male,30192.880495147332,PhD,Delhi,339.65184780773825,2,9.408642574224894,0
572,55,Male,39014.71781021763,High School,Mumbai,42.745415369379366,4,7.8261087790905055,0
573,38,Male,14941.268831345542,Master,Chennai,109.0656821067724,1,8.782355883954605,1
574,32,Female,44548.17227757687,Bachelor,Kolkata,1439.120259820358,6,7.514093031863774,1
575,44,Female,21705.35418888411,Bachelor,Kolkata,1875.1575017142093,1,9.084432725619184,0
576,18,Male,18465.600672371154,Bachelor,Kolkata,236.01029443531158,6,8.09629163485973,0
577,37,Female,16963.51952349954,High School,Bangalore,1283.835665928019,6,7.520130728082696,1
578,44,Female,63344.55224484076,High School,Chennai,393.5363030303842,0,7.480075366561464,0
579,18,Female,26512.412622385193,Bachelor,Delhi,157.17901028996246,6,6.068342060563555,0
580,48,Female,78187.40521718097,Bachelor,Bangalore,606.0003392941046,1,8.260373580204465,0
581,39,Female,27780.76818777902,Master,Bangalore,537.7924429459356,4,7.439692898195432,0
582,30,Female,15464.788688988243,Bachelor,Bangalore,2260.659022884858,6,6.747012059728193,0
583,42,Male,20779.823690187517,High School,Chennai,153.97455922512935,7,9.159692656218107,1
584,62,Female,67366.67982202162,Master,Delhi,557.4615488044749,6,5.624675961157798,1
585,37,Female,33592.25827871618,High School,Delhi,26.712917544506567,3,6.866256156851349,0
586,37,Female,27607.87540473833,Bachelor,Kolkata,60.3194516504489,7,9.0415781231693,0
587,29,Female,39340.47290832716,Bachelor,Mumbai,1.963035947571443,6,7.97328441138038,0
588,24,Female,46671.6115027814,Master,Bangalore,3762.601718016094,5,7.428211608520864,0
589,44,Male,63493.91845621388,Master,Kolkata,810.435756691717,7,7.87650531472522,0
590,24,Female,74925.50370460589,Bachelor,Bangalore,772.5817788744433,4,7.769121256573262,0
591,35,Male,30336.766662617836,Bachelor,Bangalore,356.39550702620755,7,5.225006180571118,0
592,29,Male,18713.045069962827,Master,Mumbai,178.38539062651907,1,6.976107171978057,0
593,40,Female,29533.113946174286,High School,Delhi,82.00371512553224,2,9.924782481770624,0
594,39,Other,41362.926079853976,High School,Kolkata,167.50896451219378,2,6.511013797834249,1
595,47,Male,22429.235360436855,High School,Bangalore,235.77939648642072,6,7.022548478843499,0
596,28,Male,22503.464239759836,High School,Bangalore,705.929375608539,8,6.6875688550362185,1
597,31,Female,43126.54331789506,Bachelor,Mumbai,387.89690907087015,6,7.3694771650227935,0
598,23,Male,35442.74385314215,None,Mumbai,40.3250771168098,0,6.6253157530135525,0
599,29,Female,36915.93197569984,Bachelor,Kolkata,9.09675587768132,10,8.23011225323709,0
600,39,Female,24853.461874076875,High School,Delhi,53.977594753971886,2,7.7959701184354,0
601,44,Female,32363.924590977054,Master,Bangalore,264.2391884919933,5,8.660321422660527,0
602,23,Male,22876.91100521304,Bachelor,Mumbai,1352.9730859301144,8,5.923588250716559,1
603,45,Male,56675.60813659183,Bachelor,Chennai,507.2309117561081,5,6.989489275675646,1
604,51,Female,60938.75773992527,Bachelor,Kolkata,809.3046705408583,4,7.161416052581798,0
605,39,Female,14427.711830378192,Bachelor,Bangalore,314.03058700794605,3,8.183470365132893,0
606,57,Male,22816.62166894304,High School,Mumbai,224.44687599057744,7,6.3101682041894485,0
607,25,Female,17184.02363053147,High School,Bangalore,57.369047750858016,7,8.873480706387516,0
608,20,Male,26238.63003850223,Master,Chennai,1043.4668577712703,3,9.279623385776413,0
609,18,Female,34831.62491817279,Master,Delhi,764.2978292289253,3,6.016691478546624,0
610,52,Male,17591.610480773084,Bachelor,Kolkata,92.0323962319994,2,6.763690657659652,0
611,42,Other,22904.074361607447,High School,Bangalore,358.9869790481824,2,6.702102737561861,0
612,34,Male,21982.925424978257,Bachelor,Kolkata,334.1051602867792,7,10.0,0
613,38,Male,40280.93925463238,Master,Bangalore,490.53671165813927,4,6.85514984218817,0
614,21,Male,37596.72289448895,Master,Mumbai,1461.1191176855814,1,10.0,0
615,64,Male,25314.4643131141,High School,Delhi,433.4782647202849,3,5.600052007340086,1
616,36,Female,39672.37719923092,High School,Mumbai,388.50061008037164,10,6.015523550753455,0
617,36,Other,27630.07017445656,Master,Kolkata,25.81664079077831,3,6.470093202227699,1
618,43,Male,31703.185533646185,Bachelor,Chennai,32.48662835363941,6,6.231466032830216,1
619,40,Male,83845.07629630654,High School,Chennai,103.72540901671198,4,7.098151898762252,1
620,37,Female,70985.47274729976,High School,Delhi,16.50482219839466,5,6.436832695917753,1
621,25,Female,18962.324747098235,Bachelor,Mumbai,680.0266361068423,3,6.27098761089814,0
622,40,Female,54987.77731820193,Master,Chennai,642.4654587500687,7,9.237707994709991,1
623,57,Male,54485.9569739436,PhD,Bangalore,73.12379922200576,5,9.335690433769749,0
624,51,Male,20452.662643750176,Bachelor,Mumbai,904.1850346675423,2,8.923944747562974,0
625,54,Female,54687.4113394642,Bachelor,Bangalore,84.08273523907364,6,8.285998433376491,1
626,28,Male,78351.93616384489,High School,Mumbai,179.17788286239883,3,7.6391145986693285,1
627,23,Female,20717.366665801903,Bachelor,Delhi,143.15943379318878,2,6.7544539640011365,1
628,33,Male,22954.02518634207,Bachelor,Bangalore,232.85212129259335,7,6.070263742867362,1
629,35,Female,60405.21573491505,Bachelor,Mumbai,146.95992073208734,6,8.044493555149032,1
630,48,Male,41595.51614286405,Bachelor,Kolkata,335.6448295112079,3,5.739554411179804,1
631,18,Female,47845.77698070795,High School,Mumbai,261.62447177544965,5,6.0091186062369095,1
632,53,Female,43057.62475887132,High School,Mumbai,2155.1131762555233,7,9.229369884307214,0
633,33,Female,44149.989158172655,Bachelor,Mumbai,28.775548473995308,4,10.0,1
634,29,Male,18709.07418804938,High School,Chennai,76.68129811598557,4,8.08994270724972,1
635,22,Female,61307.58520324183,High School,Delhi,27.136176272557684,3,9.159685728441966,1
636,18,Female,65172.63793214311,PhD,Bangalore,491.53747967166413,6,7.131227523834025,0
637,44,Female,32380.272016921157,Bachelor,Mumbai,28.02560155457589,4,5.4934887208684735,0
638,35,Female,35534.57784074041,Bachelor,Mumbai,905.2868889069898,5,8.418257427927877,0
639,19,Female,16889.48045335469,Master,Delhi,358.65706211819247,7,8.353933984905096,1
640,19,Female,46963.5655032369,PhD,Chennai,374.33800512140976,4,7.6075028308203665,0
641,30,Male,48340.679984207076,Bachelor,Kolkata,412.3055076990261,3,7.136436812842333,0
642,55,Female,35203.630360174444,Master,Mumbai,93.65521405558403,1,8.943315867871647,0
643,31,Female,63715.08839117183,Bachelor,Bangalore,110.13029496847831,5,6.021400449858788,1
644,18,Male,30728.977611024256,Bachelor,Kolkata,191.96238022691657,8,6.339329131664013,1
645,32,Male,48160.909412137145,Bachelor,Delhi,450.08126643336277,5,5.9878402398593575,1
646,31,Male,21810.95903858981,Bachelor,Chennai,117.93571405187039,5,7.62745944395374,0
647,18,Female,35890.35676349106,Bachelor,Mumbai,61.83677185453798,3,5.868160481836112,0
648,34,Female,33283.693489996,Bachelor,Kolkata,1755.2308606412732,3,6.473636729227135,0
649,32,Female,40645.928945578984,High School,Chennai,11.113507428000828,6,6.441366656659203,0
650,43,Female,30189.109797045567,Bachelor,Kolkata,811.5083575917927,5,,1
651,57,Male,34005.028923115606,High School,Chennai,775.6674089693121,7,5.268938330394034,0
652,48,Male,54886.54885456347,Bachelor,Delhi,176.35150258873603,6,7.6308074880559005,0
653,31,Male,29191.063047137057,Bachelor,Kolkata,72.87522306612641,8,9.370955475997016,0
654,21,Male,16264.034062096447,Master,Delhi,78.69466989282823,8,7.703237058475143,0
655,65,Male,87098.23966251918,Master,Delhi,597.7239841693192,8,9.81198171720198,1
656,35,Male,72455.44059042895,Master,Chennai,514.7389411194935,9,9.500997278815388,0
657,35,Female,19031.840140709763,Bachelor,Chennai,763.3433018244214,5,8.666602570871781,1
658,34,Female,51269.632797620514,Master,Kolkata,1386.1437629948005,3,7.612028763955329,0
659,37,Other,28240.50615336422,Bachelor,Mumbai,588.7098451314484,4,7.533750582368159,0
660,33,Female,41429.298703508444,High School,Chennai,84.71344764783592,5,8.64569965854489,0
661,28,Female,42070.920834963654,High School,Chennai,139.48844752435997,6,6.912494085743951,0
662,28,Male,32299.14698864803,High School,Mumbai,923.1935715261263,7,4.676218872798804,1
663,34,Female,24541.40983753065,Bachelor,Delhi,117.42216702772107,4,8.23800608115444,0
664,28,Female,25712.4213168018,Bachelor,Delhi,37.64327309823805,6,5.803397055097543,0
665,26,Male,22969.07539746545,Master,Delhi,607.4832639664824,13,6.056788157714423,0
666,36,Male,23958.750366571625,High School,Kolkata,257.52255287813045,3,7.500335921993682,0
667,31,Female,35115.95466278786,High School,Bangalore,1263.1147132512624,7,7.357312683669795,1
668,53,Male,25390.23690874368,PhD,Chennai,525.275582368631,7,5.3818865905265545,0
669,18,Female,51073.75445787006,High School,Kolkata,47.385600325257386,2,7.74823734619971,0
670,48,Female,76391.22233629551,Bachelor,Delhi,1476.878517772499,5,8.949209491291573,1
671,49,Male,27172.84422008536,Bachelor,Chennai,149.57867357159796,2,5.807487644601325,0
672,18,Male,40933.42519768572,Bachelor,Delhi,205.65041925860143,4,9.40872499627314,0
673,30,Male,46622.68737368015,High School,Kolkata,257.3000471326034,3,5.159743762305084,0
674,30,Male,45981.808757386,High School,Mumbai,26.291429287657877,3,10.0,0
675,18,Male,37721.20318197466,High School,Kolkata,343.10109867174174,1,6.883109354274775,1
676,25,Female,52645.77193345081,Bachelor,Mumbai,65.80575614469336,7,7.718425495240337,0
677,21,Male,46217.99374944609,Bachelor,Delhi,256.2220720053864,4,4.6619496412714945,1
678,56,Female,19558.56914537949,High School,Chennai,215.93774713247765,9,7.4067959002960375,0
679,46,Male,56082.440121149164,Bachelor,Delhi,741.0505156158739,4,7.842723266577288,1
680,50,Female,56593.273741123616,Master,Bangalore,812.708733162094,6,7.370756843850758,0
681,43,Male,24793.999516829816,High School,Delhi,83.27108381471463,3,6.655378384421439,0
682,21,Male,37010.94348366233,Bachelor,Chennai,228.28804169992006,8,6.080153222208278,0
683,28,Female,51106.373600372215,Bachelor,Mumbai,233.6860761356089,6,9.195789929305967,0
684,40,Female,32706.957119706047,High School,Mumbai,82.08982677202444,5,7.546210702496925,1
685,20,Male,62099.239649860014,Bachelor,Delhi,800.8675900249565,3,9.811128564775158,1
686,43,Female,118413.2906578092,Bachelor,Bangalore,614.1811256774968,11,6.710276467807615,0
687,32,Female,24514.17948680626,Master,Mumbai,105.5962417696199,7,6.847807959941674,0
688,30,Female,18205.475845114946,Master,Delhi,228.42281519771487,6,8.723391366894244,0
689,43,Male,42273.22973067355,Bachelor,Delhi,55.915717292891195,6,5.065537556994654,1
690,40,Male,52092.75989631508,None,Mumbai,494.7084737564512,6,5.679804959770616,1
691,30,Female,32356.390181407853,Bachelor,Bangalore,64.6967965959302,6,9.146227457029745,0
692,48,Female,75104.09260402269,Bachelor,Kolkata,2132.0033646448614,5,5.742099106165208,1
693,22,Male,18595.912921233532,Bachelor,Mumbai,758.616444064644,8,4.771423477046179,1
694,42,Female,51352.007627014886,High School,Bangalore,247.34373159619568,6,10.0,0
695,42,Female,26824.464098766493,Master,Chennai,432.04359552504235,8,5.409273528188692,1
696,31,Male,85792.67879481992,Bachelor,Delhi,1211.4834675295006,13,7.776179097492254,0
697,38,Female,98347.03506431269,Bachelor,Chennai,403.8294767629455,4,7.603627789086406,0
698,19,Male,24752.2508206005,Master,Delhi,95.88209103286864,1,3.284057525072875,0
699,46,Female,27590.352184028296,High School,Bangalore,237.97331141513783,4,7.099024465248287,0
700,32,Female,55814.77752414565,Bachelor,Mumbai,926.2163033929932,2,8.172619874218665,0
701,28,Other,29924.555457823037,High School,Chennai,516.7115433700034,7,8.031464072278292,0
702,47,Male,35500.227753478866,Master,Chennai,525.9469693747765,4,8.855281025705253,1
703,26,Male,36779.437715810265,Master,Mumbai,1008.0324189271843,5,6.918763027641849,0
704,18,Male,13907.220183243564,Bachelor,Delhi,1122.0310211425005,8,8.568756663138242,0
705,18,Male,36065.10754653526,Bachelor,Kolkata,1261.5695735973557,6,6.466006397879892,1
706,42,Male,25722.87911946627,Bachelor,Delhi,49.82685593766578,5,5.384298875380837,0
707,19,Female,28379.96134890927,Master,Bangalore,392.7694138728509,2,5.553407436478151,0
708,56,Male,74743.38570114256,Bachelor,Kolkata,674.5176338393351,6,5.306834317206878,1
709,18,Male,19375.1491617014,Bachelor,Chennai,707.1964160438392,5,9.014378951836791,1
710,55,Female,54535.25178928411,Master,Bangalore,466.6118976665835,6,5.228139736412166,0
711,37,Male,31587.55632491062,High School,Chennai,91.23318474960867,3,7.911058260973955,0
712,33,Female,31574.967431458626,High School,Kolkata,798.311571580673,6,7.101113708891351,1
713,28,Male,53916.18273067507,Bachelor,Bangalore,636.6816872903973,6,7.346027139824052,0
714,39,Female,43046.04549793802,PhD,Bangalore,45.03663255733752,4,,0
715,34,Male,48305.779874007574,Bachelor,Delhi,311.6331880638289,7,6.84235894917709,0
716,48,Male,58929.219326134385,High School,Kolkata,95.56657224086266,4,8.417402342324525,0
717,36,Female,30771.549003626726,Bachelor,Chennai,205.85003687078367,0,7.556345027071668,1
718,36,Male,26739.085028745994,Bachelor,Mumbai,9.123276329167062,9,7.271971641550953,1
719,30,Female,21108.366062237674,High School,Kolkata,255.68777781770157,1,10.0,1
720,34,Male,24035.681514454962,Bachelor,Bangalore,399.1171125363297,6,5.337987381426945,1
721,38,Male,158664.50375469023,PhD,Mumbai,483.24309458835364,4,9.433697753156167,0
722,18,Female,67666.04555803505,Bachelor,Bangalore,544.5642191347343,5,8.484609848234959,0
723,18,Male,18480.341360174552,Bachelor,Delhi,904.8333650268399,6,6.780712508052324,1
724,43,Female,18746.662613858574,Bachelor,Kolkata,121.33071296641869,8,9.943977776162418,0
725,37,Other,46209.14637032047,High School,Mumbai,64.1905234774826,4,4.727834831417195,0
726,32,Female,47745.13226838018,Master,Chennai,953.7103339422807,5,6.717350014051393,1
727,35,Female,47783.79850707753,Bachelor,Bangalore,85.16456605443072,10,5.687276693596385,0
728,39,Male,31969.00450708069,Bachelor,Mumbai,1839.664231913008,5,8.11812519730719,0
729,28,Male,34107.50987622099,Bachelor,Kolkata,924.2862882599038,7,5.830403848219234,1
730,25,Male,42784.86776150395,Bachelor,Bangalore,347.45096550679636,6,8.14959592011198,1
731,37,Female,37909.10134031309,Bachelor,Delhi,1992.8731198560126,4,7.220345376267669,0
732,23,Other,11972.286668825484,High School,Bangalore,51.225004928223754,3,6.780969086015873,1
733,39,Male,32373.652765411818,Master,Kolkata,180.53211078049358,5,8.082970869049966,0
734,18,Female,23725.288483322336,Master,Delhi,508.36559522224314,4,7.097067564092904,0
735,47,Male,39640.46462357244,Bachelor,Mumbai,215.3967415150488,4,5.867047735411442,1
736,40,Female,161559.61736568404,PhD,Mumbai,1318.1384631263247,5,10.0,1
737,38,Female,43640.49718419409,High School,Delhi,33.93929350439305,2,6.769249225456283,0
738,46,Other,31046.307429178974,Bachelor,Chennai,398.6007548931429,7,4.173586379771978,0
739,54,Female,57578.28338282626,Bachelor,Bangalore,446.8566008999014,3,6.236851965417917,0
740,47,Male,46228.13819924132,Bachelor,Mumbai,528.8236504251445,5,5.599084967440905,0
741,18,Male,44803.75559907119,Bachelor,Mumbai,147.6328600984702,6,8.739218424060773,0
742,19,Male,49188.99982096802,Bachelor,Delhi,226.7238608890388,8,7.982478989387379,0
743,27,Male,101546.46768593915,High School,Kolkata,927.9267395156432,5,8.098069202685517,0
744,35,Male,20631.11768676188,Bachelor,Delhi,108.42095482182884,3,6.944966301244134,0
745,41,Female,46019.294740453515,High School,Kolkata,876.8500434639376,3,7.080974629414618,0
746,26,Female,22852.354555298258,Master,Bangalore,413.516944325329,5,6.943603344588497,1
747,37,Female,47942.43614175693,High School,Mumbai,718.1363889985874,7,7.3782102237967955,0
748,25,Male,22940.44397527443,High School,Kolkata,625.195782210051,5,8.753000153047253,0
749,27,Female,29475.556133412323,Bachelor,Bangalore,116.288639276708,5,8.00411311875802,1
750,18,Female,31333.874473979315,Bachelor,Chennai,420.6063985039436,10,8.2501692444313,1
751,23,Male,59154.52457226405,Master,Kolkata,1011.4291127409912,2,8.249338362373804,0
752,18,Female,57482.00503958299,Bachelor,Mumbai,282.91926172999365,6,8.826663656072608,0
753,23,Female,19479.95586967386,Bachelor,Mumbai,1699.4615382776296,7,7.932225062310382,1
754,47,Male,37326.80780895734,Master,Chennai,300.93629376171924,4,8.038272109018378,0
755,23,Female,25468.81579101449,Bachelor,Delhi,77.0336297096847,11,9.283209361789735,1
756,66,Female,19355.802893999626,High School,Mumbai,246.6849985075385,5,6.502431122995332,0
757,40,Male,32581.22479096476,Bachelor,Mumbai,1515.1867706575033,4,6.216386130072739,0
758,37,Female,31124.750129661144,Master,Mumbai,192.62602468690338,1,5.721117601219716,0
759,24,Female,122193.14690494373,Bachelor,Chennai,1012.8486341931131,11,7.774371845430384,1
760,43,Female,45092.89222240313,High School,Mumbai,1065.3702882814675,3,4.719401638171315,1
761,28,Female,18236.698603349287,High School,Bangalore,215.53495889210467,2,8.193231144089516,0
762,36,Male,27381.22936419224,High School,Bangalore,43.46441277161916,7,,0
763,65,Female,60517.72932084529,Bachelor,Delhi,644.6889345336491,5,9.201959549731585,0
764,33,Female,103179.07877554819,Bachelor,Mumbai,186.6289122323049,1,6.492124034302514,0
765,48,Male,16432.368273389595,High School,Chennai,763.7529896761743,6,7.19502257187374,1
766,26,Female,14186.38254013027,Master,Mumbai,292.28528447804297,4,9.183304999940052,0
767,34,Female,92547.98888112835,Master,Chennai,332.05322939763533,9,9.57470347016723,1
768,56,Female,44126.11613171575,Bachelor,Kolkata,752.3349513208136,4,6.47977145137227,0
769,27,Male,23525.81561667224,Master,Delhi,240.9274543765256,9,7.77267184888074,1
770,56,Female,47444.436292857434,High School,Bangalore,292.70934617233934,5,7.941628466526073,1
771,43,Male,9721.800631883489,Bachelor,Bangalore,235.95509781014582,2,8.060480108431722,0
772,28,Male,36376.84603534332,Bachelor,Delhi,228.91147020281414,8,7.106136511026567,0
773,42,Male,42783.619503038186,Master,Kolkata,373.2176283395331,2,9.422075097185452,0
774,46,Male,57649.39721888535,Master,Kolkata,827.2161865201734,7,4.665444774567682,0
775,42,Female,21873.956863608095,High School,Delhi,224.5269570513162,9,6.868304647798374,0
776,18,Female,37905.19984369521,Master,Bangalore,371.436347581243,3,8.17189609915942,0
777,26,Male,22863.286352545616,High School,Kolkata,555.4345367167048,3,8.185837217924016,1
778,32,Female,,Master,Kolkata,156.9715788671288,6,9.529138545922144,0
779,34,Female,23209.72936253349,PhD,Bangalore,162.53471168622178,7,9.297338089801931,1
780,42,Female,29612.432837529912,High School,Bangalore,1354.6239116586557,2,7.071687562039164,1
781,37,Male,22072.600073170743,Master,Delhi,642.8347525049536,9,9.449806865295907,1
782,18,Female,50290.33149998978,High School,Kolkata,430.41225614634067,5,6.428937384333818,0
783,39,Other,55783.062246905036,Bachelor,Mumbai,521.6645597630094,5,8.896331074187756,0
784,42,Female,32295.71103246189,Bachelor,Bangalore,14.86862227897426,3,10.0,0
785,41,Male,37016.49849387447,Bachelor,Delhi,481.3021250320643,6,9.322416160282454,0
786,47,Male,17600.88198726167,Master,Delhi,356.17404515091,6,7.6586555752861845,0
787,45,Female,31262.096741696358,Bachelor,Delhi,394.5534333813251,4,7.002331842341817,1
788,40,Female,35415.2462516712,Bachelor,Kolkata,222.69361852603592,6,5.207113055611071,0
789,34,Female,134644.94362055234,Master,Mumbai,42.492478172638556,8,7.965809456871306,0
790,18,Female,20827.228812383455,PhD,Bangalore,107.4260314606855,4,5.827174158043621,1
791,40,Male,75515.15317295214,High School,Mumbai,1505.3692855948013,6,6.310298004579095,0
792,37,Female,59780.17640476185,PhD,Mumbai,262.7155179365433,4,5.713881298894993,0
793,38,Female,41786.06552312651,High School,Delhi,314.3197885415952,9,,1
794,19,Male,87492.66516073287,Master,Bangalore,27.074890317307062,5,7.458045878269527,0
795,22,Female,43741.5065222024,None,Delhi,19.14501255176631,7,7.910421871748557,0
796,47,Other,44116.07898570682,High School,Delhi,631.4748713046646,2,6.599240046879055,0
797,34,Male,35363.647810458846,Bachelor,Mumbai,386.1976547952298,4,9.103925559592774,1
798,43,Female,66955.56311264179,Bachelor,Delhi,355.3562601263522,4,7.187692113015051,0
799,35,Male,62832.93243930597,Bachelor,Kolkata,139.27827212950535,7,6.318416350101721,0
800,35,Female,26559.993430690873,High School,Kolkata,682.7573441341478,3,7.839438400865155,0
801,46,Female,18776.782321525032,Bachelor,Delhi,92.10361424301902,4,10.0,0
802,28,Female,32810.69083320868,Master,Bangalore,105.32023558962538,3,8.002740849802677,0
803,36,Female,24342.540042186094,Bachelor,Kolkata,308.7529228416583,3,6.9557165589395895,0
804,29,Male,35180.165149406865,High School,Mumbai,168.63217861131673,2,5.2088079658219435,0
805,29,Female,67421.48855254441,Bachelor,Chennai,142.15254459727674,10,7.170881518541894,0
806,31,Female,28892.842309013246,High School,Kolkata,518.15356747309,3,7.852392187632173,0
807,37,Male,35546.19187868878,None,Mumbai,526.3012003987744,2,6.918628663116645,0
808,29,Female,37384.49657586484,Master,Mumbai,870.1067523119544,6,5.0019230426385,0
809,50,Female,55504.281511069166,Bachelor,Kolkata,270.3921062742338,4,6.224151915744849,0
810,24,Male,11808.269062130614,Bachelor,Bangalore,37.94675472956475,6,9.681807691331636,0
811,32,Female,26813.207241218264,Master,Mumbai,159.87292240250068,2,9.65100150559569,1
812,29,Female,40361.911965975785,Bachelor,Delhi,1956.1481012919683,4,6.170041246193103,1
813,52,Male,66173.77253912619,Master,Delhi,453.4903218186328,9,8.509135180799133,0
814,37,Other,28397.28372947669,Bachelor,Chennai,618.4840812922564,10,5.732140822844739,0
815,47,Male,14210.318675440572,Master,Chennai,3.692515984712801,5,9.606474422992429,0
816,18,Male,49506.325238194404,Bachelor,Kolkata,365.11904315184563,2,7.867853771841355,0
817,38,Male,26431.686234633926,Bachelor,Delhi,19.125493661235044,3,8.9244622479248,0
818,45,Female,20033.610568530872,PhD,Bangalore,421.0907331810655,7,4.927359979226191,0
819,35,Female,26577.686919699943,Bachelor,Bangalore,1267.7054938643575,6,8.516455652887332,1
820,47,Male,33114.85728303546,Bachelor,Delhi,1727.6018686488483,4,7.488488904473245,0
821,28,Male,26839.438423034248,High School,Mumbai,388.86549003869413,2,8.777893606186264,0
822,51,Female,12054.785191882118,Bachelor,Kolkata,306.4336092110908,7,8.872301697146774,1
823,62,Male,,Bachelor,Kolkata,1450.3664732887366,6,7.598677034212124,0
824,30,Female,68695.40016886532,High School,Bangalore,559.8308894423861,7,6.598755541356128,0
825,29,Female,50300.032170981016,High School,Bangalore,33.55051653813988,7,8.669544273269242,1
826,52,Female,20561.119424165543,Bachelor,Mumbai,313.422836262,3,7.409768250892308,1
827,53,Other,32835.12918631649,Master,Bangalore,137.37964519882678,3,6.190822569708536,1
828,28,Male,36197.283095445455,Bachelor,Chennai,317.2545678807437,4,6.119771652813471,0
829,29,Other,48991.26004627112,High School,Bangalore,303.91205498475694,5,5.284253375531428,0
830,31,Female,50724.801141398166,Bachelor,Kolkata,436.3101623455592,2,6.734563260655405,1
831,18,Female,25157.544247132017,High School,Bangalore,220.62684136883757,4,9.154038069111568,0
832,23,Male,37835.298862802476,Bachelor,Delhi,89.72511118503559,7,7.766744699558151,1
833,22,Female,45644.58240988389,None,Chennai,350.30692805583107,5,6.705348441115439,0
834,25,Male,75200.34976619936,High School,Mumbai,886.5754959866622,6,8.707283907270119,0
835,34,Male,51650.40263214975,High School,Delhi,545.3402563697582,4,6.2512850674149165,1
836,37,Male,53880.73887031333,Bachelor,Delhi,206.52278310305275,9,7.643025411499168,0
837,53,Female,37869.95429354457,High School,Delhi,1370.7235304485773,2,7.230554440911727,0
838,23,Female,73513.88453522616,Bachelor,Chennai,1216.39000748287,6,8.668695938382529,0
839,46,Female,44572.90302952389,Bachelor,Bangalore,117.44893129222686,4,5.134157443620749,0
840,32,Female,23610.7181051431,Bachelor,Chennai,20.107748155596692,3,6.224703381278016,0
841,34,Male,73253.769408908,Bachelor,Bangalore,676.0599261616707,6,5.042631511358199,0
842,43,Female,51480.15313054824,Master,Delhi,878.9987215553504,7,7.110604917286095,0
843,21,Male,29099.550009115967,High School,Chennai,1718.8979966063866,8,9.317141255448647,1
844,39,Female,28574.029256227102,Bachelor,Mumbai,1102.8943458471647,9,6.741829185519709,0
845,36,Female,42120.413044327615,High School,Mumbai,458.8142734328713,5,6.733974092706524,1
846,40,Female,45779.533235324314,High School,Bangalore,377.5669752526815,4,8.807586636276204,0
847,38,Female,40080.53695763561,Bachelor,Delhi,14.117980191618058,3,9.10282433768295,0
848,64,Male,42431.84143937637,Bachelor,Mumbai,141.61695467034184,7,7.367143399096815,0
849,27,Female,84963.6406830262,Master,Bangalore,307.7364855360139,4,8.527072281074839,1
850,28,Female,62054.70266751967,Bachelor,Bangalore,495.10845654276716,8,5.8845681886830805,1
851,27,Female,39947.35717272159,PhD,Delhi,407.377071540406,8,9.566961500888121,1
852,28,Male,58142.681261813035,High School,Kolkata,678.6319068245167,1,10.0,0
853,27,Female,21671.16920834651,High School,Bangalore,164.09020612627185,5,8.281823686783087,0
854,49,Female,44309.905211257385,High School,Kolkata,416.15015295124914,4,4.373502567985799,1
855,52,Male,89738.32145920304,High School,Mumbai,46.13563485121593,3,6.662654606403324,1
856,28,Male,32564.468586629595,Bachelor,Bangalore,266.93243668458865,2,,1
857,25,Female,23770.082608885437,Bachelor,Kolkata,693.4689499825025,8,6.867775504250456,0
858,40,Female,26211.553234528943,High School,Bangalore,591.1070480371037,8,9.408297831375146,1
859,28,Male,21061.10979943662,Master,Chennai,2335.801232092294,3,8.382235896653798,0
860,42,Male,24529.188283439504,Master,Delhi,162.78967821346487,4,6.440286748851306,0
861,37,Male,30174.303108554435,High School,Mumbai,344.76616019736116,12,7.5483972161568795,0
862,18,Male,17983.61762317236,High School,Bangalore,199.88846856554835,3,6.159250169041365,0
863,53,Female,36600.20670220729,High School,Delhi,290.4480325070695,3,7.226122682381337,1
864,56,Female,57018.92942685853,High School,Kolkata,972.2809836732678,4,6.668110139351173,1
865,27,Female,23066.160520096924,High School,Mumbai,576.3374573562422,3,9.262142700349557,1
866,30,Female,77624.77819348565,Bachelor,Kolkata,1070.4082857181695,4,10.0,0
867,38,Male,46882.32624391854,High School,Kolkata,113.77104807988883,6,5.353217500146372,0
868,39,Female,60796.66976256041,Bachelor,Mumbai,1033.2078451853108,4,4.615175570685372,1
869,42,Female,26136.359889788313,PhD,Delhi,30.81126794081224,3,7.132241367222922,0
870,59,Other,55673.67057524838,Bachelor,Kolkata,1097.310746119146,8,5.222376451756977,1
871,32,Female,21036.894366510554,Master,Kolkata,199.54805127140992,2,7.569317405506376,0
872,25,Male,56676.99924829666,High School,Delhi,188.86731341513112,3,8.62340417070889,0
873,18,Female,39573.685544044274,Bachelor,Delhi,358.81069961613287,7,9.741212845900238,0
874,26,Male,47888.25763333999,Bachelor,Bangalore,1412.4902591279567,3,7.802091838072922,1
875,34,Female,20175.064641800698,High School,Chennai,24.480305805123702,7,7.210267162725631,0
876,56,Male,23212.938098306233,High School,Delhi,217.1105445905906,5,4.532422625140374,0
877,28,Male,48952.91071071163,Bachelor,Chennai,970.96101647805,2,7.539277723778698,1
878,37,Female,22602.730530319957,Bachelor,Mumbai,252.1356397723325,9,7.606930890824192,0
879,34,Male,45780.02529542571,Bachelor,Mumbai,111.04511412505431,4,8.458435221319117,1
880,49,Female,18332.506907722545,Bachelor,Delhi,276.5136783607048,3,6.437267847706363,0
881,65,Male,55497.158838958785,Bachelor,Delhi,243.51589568338704,1,6.84742109964621,0
882,28,Female,19608.89056475549,High School,Delhi,1235.0062687041654,2,5.2829966170437235,1
883,29,Female,47865.485423411264,Bachelor,Bangalore,717.6044555729651,6,4.063060789673902,0
884,47,Female,49653.06833321815,High School,Delhi,351.7154948068405,10,5.837254363804825,0
885,43,Male,25632.441922997365,High School,Mumbai,2227.1080214613585,6,5.144511278620476,0
886,57,Male,48582.2386658892,PhD,Delhi,313.00370836597097,6,8.005068443130916,0
887,42,Male,41366.27158140191,Bachelor,Kolkata,30.001255307142962,2,6.722798914999713,0
888,30,Male,27738.568043646083,Master,Delhi,152.091616629635,4,6.692644304887816,0
889,42,Female,21932.452274040512,Bachelor,Delhi,286.41300011035224,5,6.023380430737182,1
890,48,Female,13611.72937629636,Bachelor,Bangalore,85.33640827761579,8,2.65115185123135,1
891,44,Female,43253.13622698933,High School,Kolkata,1474.0916904268408,5,9.762466123121326,0
892,41,Female,16607.316235368526,High School,Mumbai,728.0342641932587,3,5.999594215834818,0
893,47,Female,38088.66840632269,High School,Chennai,156.1835961607561,1,6.88136989522514,0
894,49,Female,31833.54515807296,Master,Chennai,446.78116197216343,7,5.3176617520660345,0
895,51,Male,50999.51427895735,Bachelor,Bangalore,639.0773382633057,7,8.957895515160951,0
896,42,Female,31225.09102916645,Bachelor,Mumbai,1417.4783270770954,4,7.715143405555986,0
897,32,Female,30800.18904681564,Bachelor,Chennai,1066.9925791670325,4,6.260452072101198,0
898,36,Female,52361.94427391676,Master,Mumbai,362.0014045810706,4,6.911655582983965,0
899,49,Male,42938.709376508916,High School,Bangalore,745.0560776767799,9,10.0,0
900,25,Male,42534.805750814616,High School,Chennai,412.93345570989084,1,7.390545852178082,1
901,39,Female,45918.978930137004,Bachelor,Mumbai,402.267232653576,3,7.227399693576141,1
902,30,Female,16851.819942356065,Master,Chennai,60.938051986994836,4,6.087927770791102,0
903,35,Female,53018.40200925989,PhD,Mumbai,67.4162095912738,3,4.6581282742915455,1
904,50,Male,49327.3709181509,High School,Chennai,377.01538391388016,3,,0
905,37,Other,21843.494807414936,Master,Bangalore,156.57621610686638,8,7.9882276684869264,1
906,35,Male,32143.31457212946,Master,Mumbai,10.630665598636334,11,9.149376696491505,0
907,18,Male,35608.73871308794,High School,Mumbai,641.5787249398727,4,4.127255198250516,1
908,43,Male,33953.648965959736,Bachelor,Kolkata,16.513000311971314,2,5.812355509465457,0
909,42,Female,42912.99544991503,Bachelor,Mumbai,452.27600194484774,3,6.6288883641653245,0
910,60,Female,74286.41624544704,PhD,Mumbai,387.38885104274425,4,7.494778727140197,0
911,31,Male,62372.725274043325,High School,Delhi,1733.9040734524747,2,7.2824494627073655,0
912,37,Female,18842.880011206948,Master,Bangalore,331.03082979245465,7,7.317466971469095,0
913,37,Male,49564.741107119036,Bachelor,Bangalore,32.85703865134671,2,8.112144087854917,0
914,53,Female,70577.49886828048,Master,Mumbai,401.1328942895022,11,6.145060333831337,1
915,33,Female,44064.258163634215,Bachelor,Delhi,919.7280531987877,5,8.901212163350541,0
916,38,Female,62660.72987336978,Bachelor,Mumbai,2880.0628198560476,5,8.150178662549221,0
917,42,Male,99323.27594825807,Master,Mumbai,281.360579283768,4,7.020251603807881,0
918,37,Other,60588.15997716477,Master,Delhi,193.05095227277266,4,9.901361987833372,1
919,29,Female,41136.63219587169,Master,Chennai,1185.7173638984962,4,9.83462405335765,1
920,37,Male,61239.2888405904,High School,Mumbai,106.127850502785,3,8.899343032790712,1
921,47,Female,39043.97744247569,Bachelor,Delhi,477.81331537333296,5,2.9721648441483115,0
922,22,Male,36752.13218665591,High School,Delhi,260.1976538894778,9,9.868417639076963,0
923,36,Female,30463.7545998218,Bachelor,Kolkata,20.97504704036516,5,8.692137783707901,0
924,26,Male,79356.58263019213,Bachelor,Kolkata,213.3100075050619,2,10.0,0
925,49,Female,24119.735071906573,Bachelor,Chennai,154.09787154150283,6,9.356196887600309,0
926,18,Female,78134.25643115872,Bachelor,Mumbai,579.3263172009636,7,9.867514016245929,0
927,28,Male,46626.860604208065,PhD,Mumbai,1485.9150861010037,5,8.817982275270568,0
928,39,Male,18040.002146442876,High School,Delhi,156.01961536535674,7,9.523039797968268,0
929,53,Male,,Bachelor,Delhi,834.2382971308798,7,10.0,0
930,34,Female,12707.996832973397,Bachelor,Bangalore,28.475591330182045,8,7.824832107567309,1
931,28,Male,49650.01682848301,High School,Chennai,386.2261743511176,7,5.141654183882806,0
932,57,Female,56535.03093172885,High School,Kolkata,36.58116708739358,3,7.038808649977287,1
933,18,Male,27006.207397504902,Master,Chennai,1359.3002637729621,4,8.084918399075155,0
934,18,Male,38629.59022739703,Master,Delhi,726.9682452578882,4,7.612331376557337,0
935,40,Female,96478.81377740769,Master,Chennai,536.3990470887109,3,5.63015705076086,0
936,28,Male,28201.39285898472,PhD,Delhi,868.3413582074432,7,5.053398562207532,1
937,22,Female,21387.16396804119,High School,Mumbai,521.3804079762832,7,6.388255997047756,0
938,43,Female,76178.28301346673,Bachelor,Chennai,1735.9880208042562,3,8.711609333976227,1
939,37,Female,96886.31843271492,Bachelor,Mumbai,625.8082217665366,7,9.870509656234454,0
940,28,Female,36382.66980248786,Bachelor,Delhi,1292.8628108244573,8,8.874851420666552,0
941,19,Female,60218.29674164208,Bachelor,Delhi,364.0058654822599,3,9.086140930671204,1
942,45,Male,71021.50217896553,Bachelor,Chennai,62.25151446166626,4,7.378776640254664,0
943,42,Male,25053.22607702397,Bachelor,Chennai,375.5764463699044,7,4.886876313441054,1
944,33,Male,28491.101297224046,Bachelor,Delhi,67.83703071497276,1,6.817169128675942,0
945,57,Female,,High School,Chennai,448.84917220407937,4,7.111853382191431,0
946,22,Male,84331.19638011321,Bachelor,Delhi,329.36617216207003,2,6.7544212697464765,1
947,18,Female,48119.38695503596,Bachelor,Delhi,487.19222979999216,2,7.582042298061939,1
948,26,Other,23390.677470069746,Bachelor,Chennai,5.048896295247788,5,8.162129639839426,0
949,34,Female,98079.19620627684,None,Chennai,108.35743709006498,6,8.779522782365246,1
950,37,Female,27847.947690442306,Master,Kolkata,337.97832592429086,5,7.082820203450499,0
951,32,Male,30712.687119081922,High School,Mumbai,1502.9272816458822,4,4.644360891533109,1
952,39,Female,43095.286891407864,Bachelor,Chennai,241.93692101066904,5,6.775683421063298,0
953,19,Female,78990.28983055454,None,Bangalore,276.1468527604996,7,7.565565595487976,0
954,52,Male,55658.38327838259,Bachelor,Kolkata,627.1001562513528,4,9.334211883200112,0
955,34,Male,44686.76939862133,High School,Mumbai,462.9089322179009,2,6.648288236723842,0
956,48,Female,45781.9077634227,Bachelor,Chennai,177.57102406798174,9,8.268815442599102,0
957,39,Female,37114.28943159378,Bachelor,Bangalore,264.5087108047318,4,7.935131849453149,0
958,40,Female,48005.44674273072,Master,Delhi,122.75836158697909,3,7.565850799685083,0
959,41,Female,10251.916689191936,Master,Bangalore,1691.0130522570153,4,8.895799978986886,1
960,40,Female,31310.108212075993,Bachelor,Delhi,69.99575375709134,4,6.508738204871129,0
961,42,Female,40972.68759385684,Bachelor,Bangalore,232.47762454706577,6,6.6372203255347255,0
962,50,Male,20424.551440512765,High School,Kolkata,13.089331370830132,4,7.482148765358658,0
963,37,Male,44053.56940780927,High School,Bangalore,125.37268278546948,6,6.53978024235945,1
964,43,Male,32786.24640478227,Bachelor,Bangalore,758.1357835465926,9,8.262018436581899,0
965,33,Female,87355.20041436875,Bachelor,Bangalore,112.30683588651735,3,6.430211543450801,0
966,52,Female,79738.66370212889,Bachelor,Mumbai,41.72526355310365,3,7.839456311617702,0
967,26,Female,28770.25199452208,High School,Mumbai,321.6579981195808,8,7.3497408468198655,0
968,56,Male,33677.362146283085,High School,Bangalore,5.009630155306116,6,7.8223889471650585,0
969,34,Female,34997.30078943617,Bachelor,Delhi,44.28783871291157,1,6.810387907405441,0
970,18,Female,28974.46668272025,High School,Mumbai,824.1566034893647,7,6.99136755820976,0
971,36,Female,40035.125770443476,Master,Bangalore,738.0512113790426,5,7.644013901995575,0
972,26,Female,24856.11221225075,High School,Delhi,1233.3692694100976,7,7.80311175924197,0
973,45,Male,20633.93506224065,Bachelor,Delhi,963.8426433660356,5,7.493697126913266,0
974,27,Female,49580.63494344167,Master,Bangalore,574.7037428893825,2,10.0,0
975,29,Male,49749.95271384974,High School,Mumbai,26.87597683929059,6,6.013894621888074,1
976,18,Male,24290.536770572053,Bachelor,Kolkata,763.5802778478907,7,7.403694307570929,1
977,29,Female,56821.93532063102,High School,Kolkata,933.8155790853141,5,5.139556466824523,0
978,18,Female,26481.75105759601,Bachelor,Chennai,802.4295699451612,6,8.05812221800108,0
979,18,Other,,Bachelor,Mumbai,355.1253428969825,5,5.827130195434779,0
980,44,Female,54730.25844487929,Bachelor,Chennai,132.57025245172647,6,7.082534616185136,0
981,44,Female,35710.27414885241,Bachelor,Chennai,933.2306533752659,3,6.9419035120030115,0
982,40,Female,45586.6621529231,Master,Chennai,649.4400171862972,4,7.921336689901757,0
983,23,Female,28051.1575661902,High School,Mumbai,1975.4124372645633,5,6.67081362368223,1
984,34,Male,32917.73035929639,High School,Bangalore,84.61931501505029,8,6.6070414534590265,1
985,34,Male,32763.49720503494,Master,Chennai,127.8750720168829,10,9.653784696128847,0
986,21,Male,25001.99315143739,Bachelor,Bangalore,119.00053347681457,5,7.926850185711789,0
987,53,Female,33243.44615190068,Master,Bangalore,786.4078044329923,3,6.658423721966598,1
988,45,Male,16742.25179065968,Bachelor,Bangalore,103.45507471411734,7,7.123749492283154,1
989,32,Male,28407.916247829,Master,Bangalore,34.49277316223281,2,9.968032428406117,1
990,35,Male,31494.31251130998,Bachelor,Mumbai,3271.8362256168975,6,7.147252682623354,0
991,37,Other,31949.446117895863,Master,Bangalore,12.565175057370789,6,6.466085065271418,0
992,18,Male,32184.8549289465,Master,Mumbai,901.6450262927483,6,6.472505774810411,0
993,32,Female,35211.14391827435,Bachelor,Delhi,227.35407512681306,5,6.676310278515634,0
994,26,Male,46153.16226535689,High School,Delhi,921.3647019230539,0,6.608253416359917,0
995,22,Female,,High School,Bangalore,404.4142657643495,6,5.580528227476135,0
996,31,Male,26242.024323988888,High School,Mumbai,1159.5159490631033,4,5.813699854579533,1
997,56,Male,19898.49883232115,High School,Chennai,1303.150758429547,6,6.256019438457945,1
998,42,Female,21568.25407612575,Bachelor,Chennai,4.569911248703786,3,8.387356527679646,0
999,28,Male,28464.089078139703,Bachelor,Mumbai,39.203618222421184,6,6.92814406909069,1
1000,41,Male,30456.03176652036,Bachelor,Mumbai,144.08024648555153,3,7.1892574663589395,0
